date,category,product_name,price_hcm,price_hn,market_price
2026-04-29,rau_cu,Bắp non,29000,30500,30000
2026-04-29,rau_cu,Bắp cải trắng,9000,10000,9000
2026-04-29,rau_cu,Bắp cải tím,18500,20000,18000
2026-04-29,rau_cu,Bí đỏ,9500,10000,9000
2026-04-29,rau_cu,Bí đao,9000,10000,10000
2026-04-29,rau_cu,Dưa leo,14000,15000,15000
2026-04-29,rau_cu,Khổ qua,14500,15500,14000
2026-04-29,rau_cu,Khoai tây,11000,12000,12000
2026-04-29,rau_cu,Cà rốt,12000,12500,11000
2026-04-29,rau_cu,Cà tím,9500,10000,10000
2026-04-29,rau_cu,Cải bó xôi,23000,24000,24000
2026-04-29,rau_cu,Cải ngọt,9000,10000,9000
2026-04-29,rau_cu,Cải thảo,13000,14500,14000
2026-04-29,rau_cu,Cải bẹ xanh,10000,5000,9000
2026-04-29,rau_cu,Cải thìa,14000,16000,15000
2026-04-29,rau_cu,Cần Tây,19000,20500,18000
2026-04-29,rau_cu,Rau muống,8000,9000,8000
2026-04-29,rau_cu,Rau má,11000,12000,10000
2026-04-29,rau_cu,Rau mồng tơi,11500,13500,12000
2026-04-29,rau_cu,Xà Lách gai,17000,18500,17000
2026-04-29,rau_cu,Xà lách xong,11000,12000,11000
2026-04-29,rau_cu,Su su,8500,8000,7000
2026-04-29,rau_cu,Nấm bào ngư,46500,47500,45000
2026-04-29,rau_cu,Nấm đùi gà,49000,51000,48000
2026-04-29,rau_cu,Nấm đông cô,105000,107500,100000
2026-04-29,rau_cu,Cà chua,22000,23000,24000
2026-04-29,rau_cu,Đậu Bắp,19000,20000,18000
2026-04-29,rau_cu,Hành lá,26000,27500,25000
2026-04-29,rau_cu,Hành tây,14500,16000,15000
2026-04-29,rau_cu,Gừng,35500,36500,35000
2026-04-29,rau_cu,Ớt,36500,36500,35000
2026-04-29,rau_cu,Tỏi,23000,24000,22000
2026-04-29,rau_cu,Ngò rí,29000,29000,28000
2026-04-29,rau_cu,Ngò gai,12000,22000,20000
2026-04-29,thit,Thịt ba chỉ,190000,190000,190000
2026-04-29,thit,Sườn non,210000,210000,210000
2026-04-29,thit,Nạc thăn,180000,180000,180000
2026-04-29,thit,Thịt lợn xay,140000,140000,140000
2026-04-29,thit,Thịt nạc vai,180000,180000,180000
2026-04-29,thit,Thịt bò úc,260000,260000,260000
2026-04-29,thit,Gầu bò,240000,240000,240000
2026-04-29,thit,Thăn bò,315000,315000,315000
2026-04-29,thit,Thị bò xay,210000,210000,210000
2026-04-29,thit,Bắp bò loại 1,290000,290000,290000
2026-04-29,thit,Thịt gà,87500,87500,87500
2026-04-29,thit,Chân gà,105000,105000,105000
2026-04-29,thit,Đùi gà công nghiệp,77500,77500,77500
2026-04-29,thit,Gà ta nguyên con,120000,120000,120000
2026-04-29,thuy_hai_san,Cá tra,40500,41000,40000
2026-04-29,thuy_hai_san,Lươn,180000,0,165000
2026-04-29,thuy_hai_san,Cá lóc,41500,43500,42000
2026-04-29,thuy_hai_san,Cá diêu hồng,48500,52500,50000
2026-04-29,thuy_hai_san,Cá Rô phi,29000,30000,28000
2026-04-29,thuy_hai_san,Cá bống,180000,180000,180000
2026-04-29,thuy_hai_san,Cá kèo,125000,125000,125000
2026-04-29,thuy_hai_san,Cá thát lát,87500,87500,87500
2026-04-29,thuy_hai_san,Cá mú,525000,525000,525000
2026-04-29,thuy_hai_san,Cá nục,90000,90000,90000
2026-04-29,thuy_hai_san,Cá chim,162500,162500,162500
2026-04-29,thuy_hai_san,Tôm,135000,135000,135000
2026-04-29,thuy_hai_san,Mực,170000,170000,170000
2026-04-29,thuy_hai_san,Nghêu,27500,27500,27500
2026-04-29,thuy_hai_san,Tôm càng xanh,550000,550000,550000
2026-04-29,thuy_hai_san,Tôm thẻ,125000,125000,125000
2026-04-29,thuy_hai_san,Tôm hùm,1025000,1025000,1025000
2026-04-29,rau_cu,Bắp non,29000,30500,30000
2026-04-29,rau_cu,Bắp cải trắng,9000,10000,9000
2026-04-29,rau_cu,Bắp cải tím,18500,20000,18000
2026-04-29,rau_cu,Bí đỏ,9500,10000,9000
2026-04-29,rau_cu,Bí đao,9000,10000,10000
2026-04-29,rau_cu,Dưa leo,14000,15000,15000
2026-04-29,rau_cu,Khổ qua,14500,15500,14000
2026-04-29,rau_cu,Khoai tây,11000,12000,12000
2026-04-29,rau_cu,Cà rốt,12000,12500,11000
2026-04-29,rau_cu,Cà tím,9500,10000,10000
2026-04-29,rau_cu,Cải bó xôi,23000,24000,24000
2026-04-29,rau_cu,Cải ngọt,9000,10000,9000
2026-04-29,rau_cu,Cải thảo,13000,14500,14000
2026-04-29,rau_cu,Cải bẹ xanh,10000,5000,9000
2026-04-29,rau_cu,Cải thìa,14000,16000,15000
2026-04-29,rau_cu,Cần Tây,19000,20500,18000
2026-04-29,rau_cu,Rau muống,8000,9000,8000
2026-04-29,rau_cu,Rau má,11000,12000,10000
2026-04-29,rau_cu,Rau mồng tơi,11500,13500,12000
2026-04-29,rau_cu,Xà Lách gai,17000,18500,17000
2026-04-29,rau_cu,Xà lách xong,11000,12000,11000
2026-04-29,rau_cu,Su su,8500,8000,7000
2026-04-29,rau_cu,Nấm bào ngư,46500,47500,45000
2026-04-29,rau_cu,Nấm đùi gà,49000,51000,48000
2026-04-29,rau_cu,Nấm đông cô,105000,107500,100000
2026-04-29,rau_cu,Cà chua,22000,23000,24000
2026-04-29,rau_cu,Đậu Bắp,19000,20000,18000
2026-04-29,rau_cu,Hành lá,26000,27500,25000
2026-04-29,rau_cu,Hành tây,14500,16000,15000
2026-04-29,rau_cu,Gừng,35500,36500,35000
2026-04-29,rau_cu,Ớt,36500,36500,35000
2026-04-29,rau_cu,Tỏi,23000,24000,22000
2026-04-29,rau_cu,Ngò rí,29000,29000,28000
2026-04-29,rau_cu,Ngò gai,12000,22000,20000
2026-04-29,thit,Thịt ba chỉ,190000,190000,190000
2026-04-29,thit,Sườn non,210000,210000,210000
2026-04-29,thit,Nạc thăn,180000,180000,180000
2026-04-29,thit,Thịt lợn xay,140000,140000,140000
2026-04-29,thit,Thịt nạc vai,180000,180000,180000
2026-04-29,thit,Thịt bò úc,260000,260000,260000
2026-04-29,thit,Gầu bò,240000,240000,240000
2026-04-29,thit,Thăn bò,315000,315000,315000
2026-04-29,thit,Thị bò xay,210000,210000,210000
2026-04-29,thit,Bắp bò loại 1,290000,290000,290000
2026-04-29,thit,Thịt gà,87500,87500,87500
2026-04-29,thit,Chân gà,105000,105000,105000
2026-04-29,thit,Đùi gà công nghiệp,77500,77500,77500
2026-04-29,thit,Gà ta nguyên con,120000,120000,120000
2026-04-29,thuy_hai_san,Cá tra,40500,41000,40000
2026-04-29,thuy_hai_san,Lươn,180000,0,165000
2026-04-29,thuy_hai_san,Cá lóc,41500,43500,42000
2026-04-29,thuy_hai_san,Cá diêu hồng,48500,52500,50000
2026-04-29,thuy_hai_san,Cá Rô phi,29000,30000,28000
2026-04-29,thuy_hai_san,Cá bống,180000,180000,180000
2026-04-29,thuy_hai_san,Cá kèo,125000,125000,125000
2026-04-29,thuy_hai_san,Cá thát lát,87500,87500,87500
2026-04-29,thuy_hai_san,Cá mú,525000,525000,525000
2026-04-29,thuy_hai_san,Cá nục,90000,90000,90000
2026-04-29,thuy_hai_san,Cá chim,162500,162500,162500
2026-04-29,thuy_hai_san,Tôm,135000,135000,135000
2026-04-29,thuy_hai_san,Mực,170000,170000,170000
2026-04-29,thuy_hai_san,Nghêu,27500,27500,27500
2026-04-29,thuy_hai_san,Tôm càng xanh,550000,550000,550000
2026-04-29,thuy_hai_san,Tôm thẻ,125000,125000,125000
2026-04-29,thuy_hai_san,Tôm hùm,1025000,1025000,1025000
2026-04-30,rau_cu,Bắp non,29000,30500,30000
2026-04-30,rau_cu,Bắp cải trắng,9000,10000,9000
2026-04-30,rau_cu,Bắp cải tím,18500,20000,18000
2026-04-30,rau_cu,Bí đỏ,9500,10000,9000
2026-04-30,rau_cu,Bí đao,9000,10000,10000
2026-04-30,rau_cu,Dưa leo,14000,15000,15000
2026-04-30,rau_cu,Khổ qua,14500,15500,14000
2026-04-30,rau_cu,Khoai tây,11000,12000,12000
2026-04-30,rau_cu,Cà rốt,12000,12500,11000
2026-04-30,rau_cu,Cà tím,9500,10000,10000
2026-04-30,rau_cu,Cải bó xôi,23000,24000,24000
2026-04-30,rau_cu,Cải ngọt,9000,10000,9000
2026-04-30,rau_cu,Cải thảo,13000,14500,14000
2026-04-30,rau_cu,Cải bẹ xanh,10000,5000,9000
2026-04-30,rau_cu,Cải thìa,14000,16000,15000
2026-04-30,rau_cu,Cần Tây,19000,20500,18000
2026-04-30,rau_cu,Rau muống,8000,9000,8000
2026-04-30,rau_cu,Rau má,11000,12000,10000
2026-04-30,rau_cu,Rau mồng tơi,11500,13500,12000
2026-04-30,rau_cu,Xà Lách gai,17000,18500,17000
2026-04-30,rau_cu,Xà lách xong,11000,12000,11000
2026-04-30,rau_cu,Su su,8500,8000,7000
2026-04-30,rau_cu,Nấm bào ngư,46500,47500,45000
2026-04-30,rau_cu,Nấm đùi gà,49000,51000,48000
2026-04-30,rau_cu,Nấm đông cô,105000,107500,100000
2026-04-30,rau_cu,Cà chua,22000,23000,24000
2026-04-30,rau_cu,Đậu Bắp,19000,20000,18000
2026-04-30,rau_cu,Hành lá,26000,27500,25000
2026-04-30,rau_cu,Hành tây,14500,16000,15000
2026-04-30,rau_cu,Gừng,35500,36500,35000
2026-04-30,rau_cu,Ớt,36500,36500,35000
2026-04-30,rau_cu,Tỏi,23000,24000,22000
2026-04-30,rau_cu,Ngò rí,29000,29000,28000
2026-04-30,rau_cu,Ngò gai,12000,22000,20000
2026-04-30,thit,Thịt ba chỉ,190000,190000,190000
2026-04-30,thit,Sườn non,210000,210000,210000
2026-04-30,thit,Nạc thăn,180000,180000,180000
2026-04-30,thit,Thịt lợn xay,140000,140000,140000
2026-04-30,thit,Thịt nạc vai,180000,180000,180000
2026-04-30,thit,Thịt bò úc,260000,260000,260000
2026-04-30,thit,Gầu bò,240000,240000,240000
2026-04-30,thit,Thăn bò,315000,315000,315000
2026-04-30,thit,Thị bò xay,210000,210000,210000
2026-04-30,thit,Bắp bò loại 1,290000,290000,290000
2026-04-30,thit,Thịt gà,87500,87500,87500
2026-04-30,thit,Chân gà,105000,105000,105000
2026-04-30,thit,Đùi gà công nghiệp,77500,77500,77500
2026-04-30,thit,Gà ta nguyên con,120000,120000,120000
2026-04-30,thuy_hai_san,Cá tra,40500,41000,40000
2026-04-30,thuy_hai_san,Lươn,180000,0,165000
2026-04-30,thuy_hai_san,Cá lóc,41500,43500,42000
2026-04-30,thuy_hai_san,Cá diêu hồng,48500,52500,50000
2026-04-30,thuy_hai_san,Cá Rô phi,29000,30000,28000
2026-04-30,thuy_hai_san,Cá bống,180000,180000,180000
2026-04-30,thuy_hai_san,Cá kèo,125000,125000,125000
2026-04-30,thuy_hai_san,Cá thát lát,87500,87500,87500
2026-04-30,thuy_hai_san,Cá mú,525000,525000,525000
2026-04-30,thuy_hai_san,Cá nục,90000,90000,90000
2026-04-30,thuy_hai_san,Cá chim,162500,162500,162500
2026-04-30,thuy_hai_san,Tôm,135000,135000,135000
2026-04-30,thuy_hai_san,Mực,170000,170000,170000
2026-04-30,thuy_hai_san,Nghêu,27500,27500,27500
2026-04-30,thuy_hai_san,Tôm càng xanh,550000,550000,550000
2026-04-30,thuy_hai_san,Tôm thẻ,125000,125000,125000
2026-04-30,thuy_hai_san,Tôm hùm,1025000,1025000,1025000
2026-05-01,rau_cu,Bắp non,29000,30500,30000
2026-05-01,rau_cu,Bắp cải trắng,9000,10000,9000
2026-05-01,rau_cu,Bắp cải tím,18500,20000,18000
2026-05-01,rau_cu,Bí đỏ,9500,10000,9000
2026-05-01,rau_cu,Bí đao,9000,10000,10000
2026-05-01,rau_cu,Dưa leo,14000,15000,15000
2026-05-01,rau_cu,Khổ qua,14500,15500,14000
2026-05-01,rau_cu,Khoai tây,11000,12000,12000
2026-05-01,rau_cu,Cà rốt,12000,12500,11000
2026-05-01,rau_cu,Cà tím,9500,10000,10000
2026-05-01,rau_cu,Cải bó xôi,23000,24000,24000
2026-05-01,rau_cu,Cải ngọt,9000,10000,9000
2026-05-01,rau_cu,Cải thảo,13000,14500,14000
2026-05-01,rau_cu,Cải bẹ xanh,10000,5000,9000
2026-05-01,rau_cu,Cải thìa,14000,16000,15000
2026-05-01,rau_cu,Cần Tây,19000,20500,18000
2026-05-01,rau_cu,Rau muống,8000,9000,8000
2026-05-01,rau_cu,Rau má,11000,12000,10000
2026-05-01,rau_cu,Rau mồng tơi,11500,13500,12000
2026-05-01,rau_cu,Xà Lách gai,17000,18500,17000
2026-05-01,rau_cu,Xà lách xong,11000,12000,11000
2026-05-01,rau_cu,Su su,8500,8000,7000
2026-05-01,rau_cu,Nấm bào ngư,46500,47500,45000
2026-05-01,rau_cu,Nấm đùi gà,49000,51000,48000
2026-05-01,rau_cu,Nấm đông cô,105000,107500,100000
2026-05-01,rau_cu,Cà chua,22000,23000,24000
2026-05-01,rau_cu,Đậu Bắp,19000,20000,18000
2026-05-01,rau_cu,Hành lá,26000,27500,25000
2026-05-01,rau_cu,Hành tây,14500,16000,15000
2026-05-01,rau_cu,Gừng,35500,36500,35000
2026-05-01,rau_cu,Ớt,36500,36500,35000
2026-05-01,rau_cu,Tỏi,23000,24000,22000
2026-05-01,rau_cu,Ngò rí,29000,29000,28000
2026-05-01,rau_cu,Ngò gai,12000,22000,20000
2026-05-01,thit,Thịt ba chỉ,190000,190000,190000
2026-05-01,thit,Sườn non,210000,210000,210000
2026-05-01,thit,Nạc thăn,180000,180000,180000
2026-05-01,thit,Thịt lợn xay,140000,140000,140000
2026-05-01,thit,Thịt nạc vai,180000,180000,180000
2026-05-01,thit,Thịt bò úc,260000,260000,260000
2026-05-01,thit,Gầu bò,240000,240000,240000
2026-05-01,thit,Thăn bò,315000,315000,315000
2026-05-01,thit,Thị bò xay,210000,210000,210000
2026-05-01,thit,Bắp bò loại 1,290000,290000,290000
2026-05-01,thit,Thịt gà,87500,87500,87500
2026-05-01,thit,Chân gà,105000,105000,105000
2026-05-01,thit,Đùi gà công nghiệp,77500,77500,77500
2026-05-01,thit,Gà ta nguyên con,120000,120000,120000
2026-05-01,thuy_hai_san,Cá tra,40500,41000,40000
2026-05-01,thuy_hai_san,Lươn,180000,0,165000
2026-05-01,thuy_hai_san,Cá lóc,41500,43500,42000
2026-05-01,thuy_hai_san,Cá diêu hồng,48500,52500,50000
2026-05-01,thuy_hai_san,Cá Rô phi,29000,30000,28000
2026-05-01,thuy_hai_san,Cá bống,180000,180000,180000
2026-05-01,thuy_hai_san,Cá kèo,125000,125000,125000
2026-05-01,thuy_hai_san,Cá thát lát,87500,87500,87500
2026-05-01,thuy_hai_san,Cá mú,525000,525000,525000
2026-05-01,thuy_hai_san,Cá nục,90000,90000,90000
2026-05-01,thuy_hai_san,Cá chim,162500,162500,162500
2026-05-01,thuy_hai_san,Tôm,135000,135000,135000
2026-05-01,thuy_hai_san,Mực,170000,170000,170000
2026-05-01,thuy_hai_san,Nghêu,27500,27500,27500
2026-05-01,thuy_hai_san,Tôm càng xanh,550000,550000,550000
2026-05-01,thuy_hai_san,Tôm thẻ,125000,125000,125000
2026-05-01,thuy_hai_san,Tôm hùm,1025000,1025000,1025000
2026-05-02,rau_cu,Bắp non,29000,30500,30000
2026-05-02,rau_cu,Bắp cải trắng,9000,10000,9000
2026-05-02,rau_cu,Bắp cải tím,18500,20000,18000
2026-05-02,rau_cu,Bí đỏ,9500,10000,9000
2026-05-02,rau_cu,Bí đao,9000,10000,10000
2026-05-02,rau_cu,Dưa leo,14000,15000,15000
2026-05-02,rau_cu,Khổ qua,14500,15500,14000
2026-05-02,rau_cu,Khoai tây,11000,12000,12000
2026-05-02,rau_cu,Cà rốt,12000,12500,11000
2026-05-02,rau_cu,Cà tím,9500,10000,10000
2026-05-02,rau_cu,Cải bó xôi,23000,24000,24000
2026-05-02,rau_cu,Cải ngọt,9000,10000,9000
2026-05-02,rau_cu,Cải thảo,13000,14500,14000
2026-05-02,rau_cu,Cải bẹ xanh,10000,5000,9000
2026-05-02,rau_cu,Cải thìa,14000,16000,15000
2026-05-02,rau_cu,Cần Tây,19000,20500,18000
2026-05-02,rau_cu,Rau muống,8000,9000,8000
2026-05-02,rau_cu,Rau má,11000,12000,10000
2026-05-02,rau_cu,Rau mồng tơi,11500,13500,12000
2026-05-02,rau_cu,Xà Lách gai,17000,18500,17000
2026-05-02,rau_cu,Xà lách xong,11000,12000,11000
2026-05-02,rau_cu,Su su,8500,8000,7000
2026-05-02,rau_cu,Nấm bào ngư,46500,47500,45000
2026-05-02,rau_cu,Nấm đùi gà,49000,51000,48000
2026-05-02,rau_cu,Nấm đông cô,105000,107500,100000
2026-05-02,rau_cu,Cà chua,22000,23000,24000
2026-05-02,rau_cu,Đậu Bắp,19000,20000,18000
2026-05-02,rau_cu,Hành lá,26000,27500,25000
2026-05-02,rau_cu,Hành tây,14500,16000,15000
2026-05-02,rau_cu,Gừng,35500,36500,35000
2026-05-02,rau_cu,Ớt,36500,36500,35000
2026-05-02,rau_cu,Tỏi,23000,24000,22000
2026-05-02,rau_cu,Ngò rí,29000,29000,28000
2026-05-02,rau_cu,Ngò gai,12000,22000,20000
2026-05-02,thit,Thịt ba chỉ,190000,190000,190000
2026-05-02,thit,Sườn non,210000,210000,210000
2026-05-02,thit,Nạc thăn,180000,180000,180000
2026-05-02,thit,Thịt lợn xay,140000,140000,140000
2026-05-02,thit,Thịt nạc vai,180000,180000,180000
2026-05-02,thit,Thịt bò úc,260000,260000,260000
2026-05-02,thit,Gầu bò,240000,240000,240000
2026-05-02,thit,Thăn bò,315000,315000,315000
2026-05-02,thit,Thị bò xay,210000,210000,210000
2026-05-02,thit,Bắp bò loại 1,290000,290000,290000
2026-05-02,thit,Thịt gà,87500,87500,87500
2026-05-02,thit,Chân gà,105000,105000,105000
2026-05-02,thit,Đùi gà công nghiệp,77500,77500,77500
2026-05-02,thit,Gà ta nguyên con,120000,120000,120000
2026-05-02,thuy_hai_san,Cá tra,40500,41000,40000
2026-05-02,thuy_hai_san,Lươn,180000,0,165000
2026-05-02,thuy_hai_san,Cá lóc,41500,43500,42000
2026-05-02,thuy_hai_san,Cá diêu hồng,48500,52500,50000
2026-05-02,thuy_hai_san,Cá Rô phi,29000,30000,28000
2026-05-02,thuy_hai_san,Cá bống,180000,180000,180000
2026-05-02,thuy_hai_san,Cá kèo,125000,125000,125000
2026-05-02,thuy_hai_san,Cá thát lát,87500,87500,87500
2026-05-02,thuy_hai_san,Cá mú,525000,525000,525000
2026-05-02,thuy_hai_san,Cá nục,90000,90000,90000
2026-05-02,thuy_hai_san,Cá chim,162500,162500,162500
2026-05-02,thuy_hai_san,Tôm,135000,135000,135000
2026-05-02,thuy_hai_san,Mực,170000,170000,170000
2026-05-02,thuy_hai_san,Nghêu,27500,27500,27500
2026-05-02,thuy_hai_san,Tôm càng xanh,550000,550000,550000
2026-05-02,thuy_hai_san,Tôm thẻ,125000,125000,125000
2026-05-02,thuy_hai_san,Tôm hùm,1025000,1025000,1025000
2026-05-03,rau_cu,Bắp non,29000,30500,30000
2026-05-03,rau_cu,Bắp cải trắng,9000,10000,9000
2026-05-03,rau_cu,Bắp cải tím,18500,20000,18000
2026-05-03,rau_cu,Bí đỏ,9500,10000,9000
2026-05-03,rau_cu,Bí đao,9000,10000,10000
2026-05-03,rau_cu,Dưa leo,14000,15000,15000
2026-05-03,rau_cu,Khổ qua,14500,15500,14000
2026-05-03,rau_cu,Khoai tây,11000,12000,12000
2026-05-03,rau_cu,Cà rốt,12000,12500,11000
2026-05-03,rau_cu,Cà tím,9500,10000,10000
2026-05-03,rau_cu,Cải bó xôi,23000,24000,24000
2026-05-03,rau_cu,Cải ngọt,9000,10000,9000
2026-05-03,rau_cu,Cải thảo,13000,14500,14000
2026-05-03,rau_cu,Cải bẹ xanh,10000,5000,9000
2026-05-03,rau_cu,Cải thìa,14000,16000,15000
2026-05-03,rau_cu,Cần Tây,19000,20500,18000
2026-05-03,rau_cu,Rau muống,8000,9000,8000
2026-05-03,rau_cu,Rau má,11000,12000,10000
2026-05-03,rau_cu,Rau mồng tơi,11500,13500,12000
2026-05-03,rau_cu,Xà Lách gai,17000,18500,17000
2026-05-03,rau_cu,Xà lách xong,11000,12000,11000
2026-05-03,rau_cu,Su su,8500,8000,7000
2026-05-03,rau_cu,Nấm bào ngư,46500,47500,45000
2026-05-03,rau_cu,Nấm đùi gà,49000,51000,48000
2026-05-03,rau_cu,Nấm đông cô,105000,107500,100000
2026-05-03,rau_cu,Cà chua,22000,23000,24000
2026-05-03,rau_cu,Đậu Bắp,19000,20000,18000
2026-05-03,rau_cu,Hành lá,26000,27500,25000
2026-05-03,rau_cu,Hành tây,14500,16000,15000
2026-05-03,rau_cu,Gừng,35500,36500,35000
2026-05-03,rau_cu,Ớt,36500,36500,35000
2026-05-03,rau_cu,Tỏi,23000,24000,22000
2026-05-03,rau_cu,Ngò rí,29000,29000,28000
2026-05-03,rau_cu,Ngò gai,12000,22000,20000
2026-05-03,thit,Thịt ba chỉ,190000,190000,190000
2026-05-03,thit,Sườn non,210000,210000,210000
2026-05-03,thit,Nạc thăn,180000,180000,180000
2026-05-03,thit,Thịt lợn xay,140000,140000,140000
2026-05-03,thit,Thịt nạc vai,180000,180000,180000
2026-05-03,thit,Thịt bò úc,260000,260000,260000
2026-05-03,thit,Gầu bò,240000,240000,240000
2026-05-03,thit,Thăn bò,315000,315000,315000
2026-05-03,thit,Thị bò xay,210000,210000,210000
2026-05-03,thit,Bắp bò loại 1,290000,290000,290000
2026-05-03,thit,Thịt gà,87500,87500,87500
2026-05-03,thit,Chân gà,105000,105000,105000
2026-05-03,thit,Đùi gà công nghiệp,77500,77500,77500
2026-05-03,thit,Gà ta nguyên con,120000,120000,120000
2026-05-03,thuy_hai_san,Cá tra,40500,41000,40000
2026-05-03,thuy_hai_san,Lươn,180000,0,165000
2026-05-03,thuy_hai_san,Cá lóc,41500,43500,42000
2026-05-03,thuy_hai_san,Cá diêu hồng,48500,52500,50000
2026-05-03,thuy_hai_san,Cá Rô phi,29000,30000,28000
2026-05-03,thuy_hai_san,Cá bống,180000,180000,180000
2026-05-03,thuy_hai_san,Cá kèo,125000,125000,125000
2026-05-03,thuy_hai_san,Cá thát lát,87500,87500,87500
2026-05-03,thuy_hai_san,Cá mú,525000,525000,525000
2026-05-03,thuy_hai_san,Cá nục,90000,90000,90000
2026-05-03,thuy_hai_san,Cá chim,162500,162500,162500
2026-05-03,thuy_hai_san,Tôm,135000,135000,135000
2026-05-03,thuy_hai_san,Mực,170000,170000,170000
2026-05-03,thuy_hai_san,Nghêu,27500,27500,27500
2026-05-03,thuy_hai_san,Tôm càng xanh,550000,550000,550000
2026-05-03,thuy_hai_san,Tôm thẻ,125000,125000,125000
2026-05-03,thuy_hai_san,Tôm hùm,1025000,1025000,1025000
2026-05-04,rau_cu,Bắp non,29000,30500,30000
2026-05-04,rau_cu,Bắp cải trắng,9000,10000,9000
2026-05-04,rau_cu,Bắp cải tím,18500,20000,18000
2026-05-04,rau_cu,Bí đỏ,9500,10000,9000
2026-05-04,rau_cu,Bí đao,9000,10000,10000
2026-05-04,rau_cu,Dưa leo,14000,15000,15000
2026-05-04,rau_cu,Khổ qua,14500,15500,14000
2026-05-04,rau_cu,Khoai tây,11000,12000,12000
2026-05-04,rau_cu,Cà rốt,12000,12500,11000
2026-05-04,rau_cu,Cà tím,9500,10000,10000
2026-05-04,rau_cu,Cải bó xôi,23000,24000,24000
2026-05-04,rau_cu,Cải ngọt,9000,10000,9000
2026-05-04,rau_cu,Cải thảo,13000,14500,14000
2026-05-04,rau_cu,Cải bẹ xanh,10000,5000,9000
2026-05-04,rau_cu,Cải thìa,14000,16000,15000
2026-05-04,rau_cu,Cần Tây,19000,20500,18000
2026-05-04,rau_cu,Rau muống,8000,9000,8000
2026-05-04,rau_cu,Rau má,11000,12000,10000
2026-05-04,rau_cu,Rau mồng tơi,11500,13500,12000
2026-05-04,rau_cu,Xà Lách gai,17000,18500,17000
2026-05-04,rau_cu,Xà lách xong,11000,12000,11000
2026-05-04,rau_cu,Su su,8500,8000,7000
2026-05-04,rau_cu,Nấm bào ngư,46500,47500,45000
2026-05-04,rau_cu,Nấm đùi gà,49000,51000,48000
2026-05-04,rau_cu,Nấm đông cô,105000,107500,100000
2026-05-04,rau_cu,Cà chua,22000,23000,24000
2026-05-04,rau_cu,Đậu Bắp,19000,20000,18000
2026-05-04,rau_cu,Hành lá,26000,27500,25000
2026-05-04,rau_cu,Hành tây,14500,16000,15000
2026-05-04,rau_cu,Gừng,35500,36500,35000
2026-05-04,rau_cu,Ớt,36500,36500,35000
2026-05-04,rau_cu,Tỏi,23000,24000,22000
2026-05-04,rau_cu,Ngò rí,29000,29000,28000
2026-05-04,rau_cu,Ngò gai,12000,22000,20000
2026-05-04,thit,Thịt ba chỉ,190000,190000,190000
2026-05-04,thit,Sườn non,210000,210000,210000
2026-05-04,thit,Nạc thăn,180000,180000,180000
2026-05-04,thit,Thịt lợn xay,140000,140000,140000
2026-05-04,thit,Thịt nạc vai,180000,180000,180000
2026-05-04,thit,Thịt bò úc,260000,260000,260000
2026-05-04,thit,Gầu bò,240000,240000,240000
2026-05-04,thit,Thăn bò,315000,315000,315000
2026-05-04,thit,Thị bò xay,210000,210000,210000
2026-05-04,thit,Bắp bò loại 1,290000,290000,290000
2026-05-04,thit,Thịt gà,87500,87500,87500
2026-05-04,thit,Chân gà,105000,105000,105000
2026-05-04,thit,Đùi gà công nghiệp,77500,77500,77500
2026-05-04,thit,Gà ta nguyên con,120000,120000,120000
2026-05-04,thuy_hai_san,Cá tra,40500,41000,40000
2026-05-04,thuy_hai_san,Lươn,180000,0,165000
2026-05-04,thuy_hai_san,Cá lóc,41500,43500,42000
2026-05-04,thuy_hai_san,Cá diêu hồng,48500,52500,50000
2026-05-04,thuy_hai_san,Cá Rô phi,29000,30000,28000
2026-05-04,thuy_hai_san,Cá bống,180000,180000,180000
2026-05-04,thuy_hai_san,Cá kèo,125000,125000,125000
2026-05-04,thuy_hai_san,Cá thát lát,87500,87500,87500
2026-05-04,thuy_hai_san,Cá mú,525000,525000,525000
2026-05-04,thuy_hai_san,Cá nục,90000,90000,90000
2026-05-04,thuy_hai_san,Cá chim,162500,162500,162500
2026-05-04,thuy_hai_san,Tôm,135000,135000,135000
2026-05-04,thuy_hai_san,Mực,170000,170000,170000
2026-05-04,thuy_hai_san,Nghêu,27500,27500,27500
2026-05-04,thuy_hai_san,Tôm càng xanh,550000,550000,550000
2026-05-04,thuy_hai_san,Tôm thẻ,125000,125000,125000
2026-05-04,thuy_hai_san,Tôm hùm,1025000,1025000,1025000
2026-05-05,rau_cu,Bắp non,29000,30500,30000
2026-05-05,rau_cu,Bắp cải trắng,9000,10000,9000
2026-05-05,rau_cu,Bắp cải tím,18500,20000,18000
2026-05-05,rau_cu,Bí đỏ,9500,10000,9000
2026-05-05,rau_cu,Bí đao,9000,10000,10000
2026-05-05,rau_cu,Dưa leo,14000,15000,15000
2026-05-05,rau_cu,Khổ qua,14500,15500,14000
2026-05-05,rau_cu,Khoai tây,11000,12000,12000
2026-05-05,rau_cu,Cà rốt,12000,12500,11000
2026-05-05,rau_cu,Cà tím,9500,10000,10000
2026-05-05,rau_cu,Cải bó xôi,23000,24000,24000
2026-05-05,rau_cu,Cải ngọt,9000,10000,9000
2026-05-05,rau_cu,Cải thảo,13000,14500,14000
2026-05-05,rau_cu,Cải bẹ xanh,10000,5000,9000
2026-05-05,rau_cu,Cải thìa,14000,16000,15000
2026-05-05,rau_cu,Cần Tây,19000,20500,18000
2026-05-05,rau_cu,Rau muống,8000,9000,8000
2026-05-05,rau_cu,Rau má,11000,12000,10000
2026-05-05,rau_cu,Rau mồng tơi,11500,13500,12000
2026-05-05,rau_cu,Xà Lách gai,17000,18500,17000
2026-05-05,rau_cu,Xà lách xong,11000,12000,11000
2026-05-05,rau_cu,Su su,8500,8000,7000
2026-05-05,rau_cu,Nấm bào ngư,46500,47500,45000
2026-05-05,rau_cu,Nấm đùi gà,49000,51000,48000
2026-05-05,rau_cu,Nấm đông cô,105000,107500,100000
2026-05-05,rau_cu,Cà chua,22000,23000,24000
2026-05-05,rau_cu,Đậu Bắp,19000,20000,18000
2026-05-05,rau_cu,Hành lá,26000,27500,25000
2026-05-05,rau_cu,Hành tây,14500,16000,15000
2026-05-05,rau_cu,Gừng,35500,36500,35000
2026-05-05,rau_cu,Ớt,36500,36500,35000
2026-05-05,rau_cu,Tỏi,23000,24000,22000
2026-05-05,rau_cu,Ngò rí,29000,29000,28000
2026-05-05,rau_cu,Ngò gai,12000,22000,20000
2026-05-05,thit,Thịt ba chỉ,190000,190000,190000
2026-05-05,thit,Sườn non,210000,210000,210000
2026-05-05,thit,Nạc thăn,180000,180000,180000
2026-05-05,thit,Thịt lợn xay,140000,140000,140000
2026-05-05,thit,Thịt nạc vai,180000,180000,180000
2026-05-05,thit,Thịt bò úc,260000,260000,260000
2026-05-05,thit,Gầu bò,240000,240000,240000
2026-05-05,thit,Thăn bò,315000,315000,315000
2026-05-05,thit,Thị bò xay,210000,210000,210000
2026-05-05,thit,Bắp bò loại 1,290000,290000,290000
2026-05-05,thit,Thịt gà,87500,87500,87500
2026-05-05,thit,Chân gà,105000,105000,105000
2026-05-05,thit,Đùi gà công nghiệp,77500,77500,77500
2026-05-05,thit,Gà ta nguyên con,120000,120000,120000
2026-05-05,thuy_hai_san,Cá tra,40500,41000,40000
2026-05-05,thuy_hai_san,Lươn,180000,0,165000
2026-05-05,thuy_hai_san,Cá lóc,41500,43500,42000
2026-05-05,thuy_hai_san,Cá diêu hồng,48500,52500,50000
2026-05-05,thuy_hai_san,Cá Rô phi,29000,30000,28000
2026-05-05,thuy_hai_san,Cá bống,180000,180000,180000
2026-05-05,thuy_hai_san,Cá kèo,125000,125000,125000
2026-05-05,thuy_hai_san,Cá thát lát,87500,87500,87500
2026-05-05,thuy_hai_san,Cá mú,525000,525000,525000
2026-05-05,thuy_hai_san,Cá nục,90000,90000,90000
2026-05-05,thuy_hai_san,Cá chim,162500,162500,162500
2026-05-05,thuy_hai_san,Tôm,135000,135000,135000
2026-05-05,thuy_hai_san,Mực,170000,170000,170000
2026-05-05,thuy_hai_san,Nghêu,27500,27500,27500
2026-05-05,thuy_hai_san,Tôm càng xanh,550000,550000,550000
2026-05-05,thuy_hai_san,Tôm thẻ,125000,125000,125000
2026-05-05,thuy_hai_san,Tôm hùm,1025000,1025000,1025000
2026-05-06,rau_cu,Bắp non,29000,30500,30000
2026-05-06,rau_cu,Bắp cải trắng,9000,10000,9000
2026-05-06,rau_cu,Bắp cải tím,18500,20000,18000
2026-05-06,rau_cu,Bí đỏ,9500,10000,9000
2026-05-06,rau_cu,Bí đao,9000,10000,10000
2026-05-06,rau_cu,Dưa leo,14000,15000,15000
2026-05-06,rau_cu,Khổ qua,14500,15500,14000
2026-05-06,rau_cu,Khoai tây,11000,12000,12000
2026-05-06,rau_cu,Cà rốt,12000,12500,11000
2026-05-06,rau_cu,Cà tím,9500,10000,10000
2026-05-06,rau_cu,Cải bó xôi,23000,24000,24000
2026-05-06,rau_cu,Cải ngọt,9000,10000,9000
2026-05-06,rau_cu,Cải thảo,13000,14500,14000
2026-05-06,rau_cu,Cải bẹ xanh,10000,5000,9000
2026-05-06,rau_cu,Cải thìa,14000,16000,15000
2026-05-06,rau_cu,Cần Tây,19000,20500,18000
2026-05-06,rau_cu,Rau muống,8000,9000,8000
2026-05-06,rau_cu,Rau má,11000,12000,10000
2026-05-06,rau_cu,Rau mồng tơi,11500,13500,12000
2026-05-06,rau_cu,Xà Lách gai,17000,18500,17000
2026-05-06,rau_cu,Xà lách xong,11000,12000,11000
2026-05-06,rau_cu,Su su,8500,8000,7000
2026-05-06,rau_cu,Nấm bào ngư,46500,47500,45000
2026-05-06,rau_cu,Nấm đùi gà,49000,51000,48000
2026-05-06,rau_cu,Nấm đông cô,105000,107500,100000
2026-05-06,rau_cu,Cà chua,22000,23000,24000
2026-05-06,rau_cu,Đậu Bắp,19000,20000,18000
2026-05-06,rau_cu,Hành lá,26000,27500,25000
2026-05-06,rau_cu,Hành tây,14500,16000,15000
2026-05-06,rau_cu,Gừng,35500,36500,35000
2026-05-06,rau_cu,Ớt,36500,36500,35000
2026-05-06,rau_cu,Tỏi,23000,24000,22000
2026-05-06,rau_cu,Ngò rí,29000,29000,28000
2026-05-06,rau_cu,Ngò gai,12000,22000,20000
2026-05-06,thit,Thịt ba chỉ,190000,190000,190000
2026-05-06,thit,Sườn non,210000,210000,210000
2026-05-06,thit,Nạc thăn,180000,180000,180000
2026-05-06,thit,Thịt lợn xay,140000,140000,140000
2026-05-06,thit,Thịt nạc vai,180000,180000,180000
2026-05-06,thit,Thịt bò úc,260000,260000,260000
2026-05-06,thit,Gầu bò,240000,240000,240000
2026-05-06,thit,Thăn bò,315000,315000,315000
2026-05-06,thit,Thị bò xay,210000,210000,210000
2026-05-06,thit,Bắp bò loại 1,290000,290000,290000
2026-05-06,thit,Thịt gà,87500,87500,87500
2026-05-06,thit,Chân gà,105000,105000,105000
2026-05-06,thit,Đùi gà công nghiệp,77500,77500,77500
2026-05-06,thit,Gà ta nguyên con,120000,120000,120000
2026-05-06,thuy_hai_san,Cá tra,40500,41000,40000
2026-05-06,thuy_hai_san,Lươn,180000,0,165000
2026-05-06,thuy_hai_san,Cá lóc,41500,43500,42000
2026-05-06,thuy_hai_san,Cá diêu hồng,48500,52500,50000
2026-05-06,thuy_hai_san,Cá Rô phi,29000,30000,28000
2026-05-06,thuy_hai_san,Cá bống,180000,180000,180000
2026-05-06,thuy_hai_san,Cá kèo,125000,125000,125000
2026-05-06,thuy_hai_san,Cá thát lát,87500,87500,87500
2026-05-06,thuy_hai_san,Cá mú,525000,525000,525000
2026-05-06,thuy_hai_san,Cá nục,90000,90000,90000
2026-05-06,thuy_hai_san,Cá chim,162500,162500,162500
2026-05-06,thuy_hai_san,Tôm,135000,135000,135000
2026-05-06,thuy_hai_san,Mực,170000,170000,170000
2026-05-06,thuy_hai_san,Nghêu,27500,27500,27500
2026-05-06,thuy_hai_san,Tôm càng xanh,550000,550000,550000
2026-05-06,thuy_hai_san,Tôm thẻ,125000,125000,125000
2026-05-06,thuy_hai_san,Tôm hùm,1025000,1025000,1025000
2026-05-07,thit,Thịt ba chỉ,190000,190000,190000
2026-05-07,thit,Sườn non,210000,210000,210000
2026-05-07,thit,Nạc thăn,180000,180000,180000
2026-05-07,thit,Thịt lợn xay,140000,140000,140000
2026-05-07,thit,Thịt nạc vai,180000,180000,180000
2026-05-07,thit,Thịt bò úc,260000,260000,260000
2026-05-07,thit,Gầu bò,240000,240000,240000
2026-05-07,thit,Thăn bò,315000,315000,315000
2026-05-07,thit,Thị bò xay,210000,210000,210000
2026-05-07,thit,Bắp bò loại 1,290000,290000,290000
2026-05-07,thit,Thịt gà,87500,87500,87500
2026-05-07,thit,Chân gà,105000,105000,105000
2026-05-07,thit,Đùi gà công nghiệp,77500,77500,77500
2026-05-07,thit,Gà ta nguyên con,120000,120000,120000
2026-05-07,thuy_hai_san,Cá tra,40500,41000,40000
2026-05-07,thuy_hai_san,Lươn,180000,0,165000
2026-05-07,thuy_hai_san,Cá lóc,41500,43500,42000
2026-05-07,thuy_hai_san,Cá diêu hồng,48500,52500,50000
2026-05-07,thuy_hai_san,Cá Rô phi,29000,30000,28000
2026-05-07,thuy_hai_san,Cá bống,180000,180000,180000
2026-05-07,thuy_hai_san,Cá kèo,125000,125000,125000
2026-05-07,thuy_hai_san,Cá thát lát,87500,87500,87500
2026-05-07,thuy_hai_san,Cá mú,525000,525000,525000
2026-05-07,thuy_hai_san,Cá nục,90000,90000,90000
2026-05-07,thuy_hai_san,Cá chim,162500,162500,162500
2026-05-07,thuy_hai_san,Tôm,135000,135000,135000
2026-05-07,thuy_hai_san,Mực,170000,170000,170000
2026-05-07,thuy_hai_san,Nghêu,27500,27500,27500
2026-05-07,thuy_hai_san,Tôm càng xanh,550000,550000,550000
2026-05-07,thuy_hai_san,Tôm thẻ,125000,125000,125000
2026-05-07,thuy_hai_san,Tôm hùm,1025000,1025000,1025000
2026-05-08,rau_cu,Bắp non,29000,30500,30000
2026-05-08,rau_cu,Bắp cải trắng,9000,10000,9000
2026-05-08,rau_cu,Bắp cải tím,18500,20000,18000
2026-05-08,rau_cu,Bí đỏ,9500,10000,9000
2026-05-08,rau_cu,Bí đao,9000,10000,10000
2026-05-08,rau_cu,Dưa leo,14000,15000,15000
2026-05-08,rau_cu,Khổ qua,14500,15500,14000
2026-05-08,rau_cu,Khoai tây,11000,12000,12000
2026-05-08,rau_cu,Cà rốt,12000,12500,11000
2026-05-08,rau_cu,Cà tím,9500,10000,10000
2026-05-08,rau_cu,Cải bó xôi,23000,24000,24000
2026-05-08,rau_cu,Cải ngọt,9000,10000,9000
2026-05-08,rau_cu,Cải thảo,13000,14500,14000
2026-05-08,rau_cu,Cải bẹ xanh,10000,5000,9000
2026-05-08,rau_cu,Cải thìa,14000,16000,15000
2026-05-08,rau_cu,Cần Tây,19000,20500,18000
2026-05-08,rau_cu,Rau muống,8000,9000,8000
2026-05-08,rau_cu,Rau má,11000,12000,10000
2026-05-08,rau_cu,Rau mồng tơi,11500,13500,12000
2026-05-08,rau_cu,Xà Lách gai,17000,18500,17000
2026-05-08,rau_cu,Xà lách xong,11000,12000,11000
2026-05-08,rau_cu,Su su,8500,8000,7000
2026-05-08,rau_cu,Nấm bào ngư,46500,47500,45000
2026-05-08,rau_cu,Nấm đùi gà,49000,51000,48000
2026-05-08,rau_cu,Nấm đông cô,105000,107500,100000
2026-05-08,rau_cu,Cà chua,22000,23000,24000
2026-05-08,rau_cu,Đậu Bắp,19000,20000,18000
2026-05-08,rau_cu,Hành lá,26000,27500,25000
2026-05-08,rau_cu,Hành tây,14500,16000,15000
2026-05-08,rau_cu,Gừng,35500,36500,35000
2026-05-08,rau_cu,Ớt,36500,36500,35000
2026-05-08,rau_cu,Tỏi,23000,24000,22000
2026-05-08,rau_cu,Ngò rí,29000,29000,28000
2026-05-08,rau_cu,Ngò gai,12000,22000,20000
2026-05-08,thit,Thịt ba chỉ,190000,190000,190000
2026-05-08,thit,Sườn non,210000,210000,210000
2026-05-08,thit,Nạc thăn,180000,180000,180000
2026-05-08,thit,Thịt lợn xay,140000,140000,140000
2026-05-08,thit,Thịt nạc vai,180000,180000,180000
2026-05-08,thit,Thịt bò úc,260000,260000,260000
2026-05-08,thit,Gầu bò,240000,240000,240000
2026-05-08,thit,Thăn bò,315000,315000,315000
2026-05-08,thit,Thị bò xay,210000,210000,210000
2026-05-08,thit,Bắp bò loại 1,290000,290000,290000
2026-05-08,thit,Thịt gà,87500,87500,87500
2026-05-08,thit,Chân gà,105000,105000,105000
2026-05-08,thit,Đùi gà công nghiệp,77500,77500,77500
2026-05-08,thit,Gà ta nguyên con,120000,120000,120000
2026-05-08,thuy_hai_san,Cá tra,40500,41000,40000
2026-05-08,thuy_hai_san,Lươn,180000,0,165000
2026-05-08,thuy_hai_san,Cá lóc,41500,43500,42000
2026-05-08,thuy_hai_san,Cá diêu hồng,48500,52500,50000
2026-05-08,thuy_hai_san,Cá Rô phi,29000,30000,28000
2026-05-08,thuy_hai_san,Cá bống,180000,180000,180000
2026-05-08,thuy_hai_san,Cá kèo,125000,125000,125000
2026-05-08,thuy_hai_san,Cá thát lát,87500,87500,87500
2026-05-08,thuy_hai_san,Cá mú,525000,525000,525000
2026-05-08,thuy_hai_san,Cá nục,90000,90000,90000
2026-05-08,thuy_hai_san,Cá chim,162500,162500,162500
2026-05-08,thuy_hai_san,Tôm,135000,135000,135000
2026-05-08,thuy_hai_san,Mực,170000,170000,170000
2026-05-08,thuy_hai_san,Nghêu,27500,27500,27500
2026-05-08,thuy_hai_san,Tôm càng xanh,550000,550000,550000
2026-05-08,thuy_hai_san,Tôm thẻ,125000,125000,125000
2026-05-08,thuy_hai_san,Tôm hùm,1025000,1025000,1025000
2026-05-09,rau_cu,Bắp non,29000,30500,30000
2026-05-09,rau_cu,Bắp cải trắng,9000,10000,9000
2026-05-09,rau_cu,Bắp cải tím,18500,20000,18000
2026-05-09,rau_cu,Bí đỏ,9500,10000,9000
2026-05-09,rau_cu,Bí đao,9000,10000,10000
2026-05-09,rau_cu,Dưa leo,14000,15000,15000
2026-05-09,rau_cu,Khổ qua,14500,15500,14000
2026-05-09,rau_cu,Khoai tây,11000,12000,12000
2026-05-09,rau_cu,Cà rốt,12000,12500,11000
2026-05-09,rau_cu,Cà tím,9500,10000,10000
2026-05-09,rau_cu,Cải bó xôi,23000,24000,24000
2026-05-09,rau_cu,Cải ngọt,9000,10000,9000
2026-05-09,rau_cu,Cải thảo,13000,14500,14000
2026-05-09,rau_cu,Cải bẹ xanh,10000,5000,9000
2026-05-09,rau_cu,Cải thìa,14000,16000,15000
2026-05-09,rau_cu,Cần Tây,19000,20500,18000
2026-05-09,rau_cu,Rau muống,8000,9000,8000
2026-05-09,rau_cu,Rau má,11000,12000,10000
2026-05-09,rau_cu,Rau mồng tơi,11500,13500,12000
2026-05-09,rau_cu,Xà Lách gai,17000,18500,17000
2026-05-09,rau_cu,Xà lách xong,11000,12000,11000
2026-05-09,rau_cu,Su su,8500,8000,7000
2026-05-09,rau_cu,Nấm bào ngư,46500,47500,45000
2026-05-09,rau_cu,Nấm đùi gà,49000,51000,48000
2026-05-09,rau_cu,Nấm đông cô,105000,107500,100000
2026-05-09,rau_cu,Cà chua,22000,23000,24000
2026-05-09,rau_cu,Đậu Bắp,19000,20000,18000
2026-05-09,rau_cu,Hành lá,26000,27500,25000
2026-05-09,rau_cu,Hành tây,14500,16000,15000
2026-05-09,rau_cu,Gừng,35500,36500,35000
2026-05-09,rau_cu,Ớt,36500,36500,35000
2026-05-09,rau_cu,Tỏi,23000,24000,22000
2026-05-09,rau_cu,Ngò rí,29000,29000,28000
2026-05-09,rau_cu,Ngò gai,12000,22000,20000
2026-05-09,thit,Thịt ba chỉ,190000,190000,190000
2026-05-09,thit,Sườn non,210000,210000,210000
2026-05-09,thit,Nạc thăn,180000,180000,180000
2026-05-09,thit,Thịt lợn xay,140000,140000,140000
2026-05-09,thit,Thịt nạc vai,180000,180000,180000
2026-05-09,thit,Thịt bò úc,260000,260000,260000
2026-05-09,thit,Gầu bò,240000,240000,240000
2026-05-09,thit,Thăn bò,315000,315000,315000
2026-05-09,thit,Thị bò xay,210000,210000,210000
2026-05-09,thit,Bắp bò loại 1,290000,290000,290000
2026-05-09,thit,Thịt gà,87500,87500,87500
2026-05-09,thit,Chân gà,105000,105000,105000
2026-05-09,thit,Đùi gà công nghiệp,77500,77500,77500
2026-05-09,thit,Gà ta nguyên con,120000,120000,120000
2026-05-09,thuy_hai_san,Cá tra,40500,41000,40000
2026-05-09,thuy_hai_san,Lươn,180000,0,165000
2026-05-09,thuy_hai_san,Cá lóc,41500,43500,42000
2026-05-09,thuy_hai_san,Cá diêu hồng,48500,52500,50000
2026-05-09,thuy_hai_san,Cá Rô phi,29000,30000,28000
2026-05-09,thuy_hai_san,Cá bống,180000,180000,180000
2026-05-09,thuy_hai_san,Cá kèo,125000,125000,125000
2026-05-09,thuy_hai_san,Cá thát lát,87500,87500,87500
2026-05-09,thuy_hai_san,Cá mú,525000,525000,525000
2026-05-09,thuy_hai_san,Cá nục,90000,90000,90000
2026-05-09,thuy_hai_san,Cá chim,162500,162500,162500
2026-05-09,thuy_hai_san,Tôm,135000,135000,135000
2026-05-09,thuy_hai_san,Mực,170000,170000,170000
2026-05-09,thuy_hai_san,Nghêu,27500,27500,27500
2026-05-09,thuy_hai_san,Tôm càng xanh,550000,550000,550000
2026-05-09,thuy_hai_san,Tôm thẻ,125000,125000,125000
2026-05-09,thuy_hai_san,Tôm hùm,1025000,1025000,1025000
2026-05-10,rau_cu,Bắp non,29000,30500,30000
2026-05-10,rau_cu,Bắp cải trắng,9000,10000,9000
2026-05-10,rau_cu,Bắp cải tím,18500,20000,18000
2026-05-10,rau_cu,Bí đỏ,9500,10000,9000
2026-05-10,rau_cu,Bí đao,9000,10000,10000
2026-05-10,rau_cu,Dưa leo,14000,15000,15000
2026-05-10,rau_cu,Khổ qua,14500,15500,14000
2026-05-10,rau_cu,Khoai tây,11000,12000,12000
2026-05-10,rau_cu,Cà rốt,12000,12500,11000
2026-05-10,rau_cu,Cà tím,9500,10000,10000
2026-05-10,rau_cu,Cải bó xôi,23000,24000,24000
2026-05-10,rau_cu,Cải ngọt,9000,10000,9000
2026-05-10,rau_cu,Cải thảo,13000,14500,14000
2026-05-10,rau_cu,Cải bẹ xanh,10000,5000,9000
2026-05-10,rau_cu,Cải thìa,14000,16000,15000
2026-05-10,rau_cu,Cần Tây,19000,20500,18000
2026-05-10,rau_cu,Rau muống,8000,9000,8000
2026-05-10,rau_cu,Rau má,11000,12000,10000
2026-05-10,rau_cu,Rau mồng tơi,11500,13500,12000
2026-05-10,rau_cu,Xà Lách gai,17000,18500,17000
2026-05-10,rau_cu,Xà lách xong,11000,12000,11000
2026-05-10,rau_cu,Su su,8500,8000,7000
2026-05-10,rau_cu,Nấm bào ngư,46500,47500,45000
2026-05-10,rau_cu,Nấm đùi gà,49000,51000,48000
2026-05-10,rau_cu,Nấm đông cô,105000,107500,100000
2026-05-10,rau_cu,Cà chua,22000,23000,24000
2026-05-10,rau_cu,Đậu Bắp,19000,20000,18000
2026-05-10,rau_cu,Hành lá,26000,27500,25000
2026-05-10,rau_cu,Hành tây,14500,16000,15000
2026-05-10,rau_cu,Gừng,35500,36500,35000
2026-05-10,rau_cu,Ớt,36500,36500,35000
2026-05-10,rau_cu,Tỏi,23000,24000,22000
2026-05-10,rau_cu,Ngò rí,29000,29000,28000
2026-05-10,rau_cu,Ngò gai,12000,22000,20000
2026-05-10,thit,Thịt ba chỉ,190000,190000,190000
2026-05-10,thit,Sườn non,210000,210000,210000
2026-05-10,thit,Nạc thăn,180000,180000,180000
2026-05-10,thit,Thịt lợn xay,140000,140000,140000
2026-05-10,thit,Thịt nạc vai,180000,180000,180000
2026-05-10,thit,Thịt bò úc,260000,260000,260000
2026-05-10,thit,Gầu bò,240000,240000,240000
2026-05-10,thit,Thăn bò,315000,315000,315000
2026-05-10,thit,Thị bò xay,210000,210000,210000
2026-05-10,thit,Bắp bò loại 1,290000,290000,290000
2026-05-10,thit,Thịt gà,87500,87500,87500
2026-05-10,thit,Chân gà,105000,105000,105000
2026-05-10,thit,Đùi gà công nghiệp,77500,77500,77500
2026-05-10,thit,Gà ta nguyên con,120000,120000,120000
2026-05-10,thuy_hai_san,Cá tra,40500,41000,40000
2026-05-10,thuy_hai_san,Lươn,180000,0,165000
2026-05-10,thuy_hai_san,Cá lóc,41500,43500,42000
2026-05-10,thuy_hai_san,Cá diêu hồng,48500,52500,50000
2026-05-10,thuy_hai_san,Cá Rô phi,29000,30000,28000
2026-05-10,thuy_hai_san,Cá bống,180000,180000,180000
2026-05-10,thuy_hai_san,Cá kèo,125000,125000,125000
2026-05-10,thuy_hai_san,Cá thát lát,87500,87500,87500
2026-05-10,thuy_hai_san,Cá mú,525000,525000,525000
2026-05-10,thuy_hai_san,Cá nục,90000,90000,90000
2026-05-10,thuy_hai_san,Cá chim,162500,162500,162500
2026-05-10,thuy_hai_san,Tôm,135000,135000,135000
2026-05-10,thuy_hai_san,Mực,170000,170000,170000
2026-05-10,thuy_hai_san,Nghêu,27500,27500,27500
2026-05-10,thuy_hai_san,Tôm càng xanh,550000,550000,550000
2026-05-10,thuy_hai_san,Tôm thẻ,125000,125000,125000
2026-05-10,thuy_hai_san,Tôm hùm,1025000,1025000,1025000
2026-05-11,rau_cu,Bắp non,29000,30500,30000
2026-05-11,rau_cu,Bắp cải trắng,9000,10000,9000
2026-05-11,rau_cu,Bắp cải tím,18500,20000,18000
2026-05-11,rau_cu,Bí đỏ,9500,10000,9000
2026-05-11,rau_cu,Bí đao,9000,10000,10000
2026-05-11,rau_cu,Dưa leo,14000,15000,15000
2026-05-11,rau_cu,Khổ qua,14500,15500,14000
2026-05-11,rau_cu,Khoai tây,11000,12000,12000
2026-05-11,rau_cu,Cà rốt,12000,12500,11000
2026-05-11,rau_cu,Cà tím,9500,10000,10000
2026-05-11,rau_cu,Cải bó xôi,23000,24000,24000
2026-05-11,rau_cu,Cải ngọt,9000,10000,9000
2026-05-11,rau_cu,Cải thảo,13000,14500,14000
2026-05-11,rau_cu,Cải bẹ xanh,10000,5000,9000
2026-05-11,rau_cu,Cải thìa,14000,16000,15000
2026-05-11,rau_cu,Cần Tây,19000,20500,18000
2026-05-11,rau_cu,Rau muống,8000,9000,8000
2026-05-11,rau_cu,Rau má,11000,12000,10000
2026-05-11,rau_cu,Rau mồng tơi,11500,13500,12000
2026-05-11,rau_cu,Xà Lách gai,17000,18500,17000
2026-05-11,rau_cu,Xà lách xong,11000,12000,11000
2026-05-11,rau_cu,Su su,8500,8000,7000
2026-05-11,rau_cu,Nấm bào ngư,46500,47500,45000
2026-05-11,rau_cu,Nấm đùi gà,49000,51000,48000
2026-05-11,rau_cu,Nấm đông cô,105000,107500,100000
2026-05-11,rau_cu,Cà chua,22000,23000,24000
2026-05-11,rau_cu,Đậu Bắp,19000,20000,18000
2026-05-11,rau_cu,Hành lá,26000,27500,25000
2026-05-11,rau_cu,Hành tây,14500,16000,15000
2026-05-11,rau_cu,Gừng,35500,36500,35000
2026-05-11,rau_cu,Ớt,36500,36500,35000
2026-05-11,rau_cu,Tỏi,23000,24000,22000
2026-05-11,rau_cu,Ngò rí,29000,29000,28000
2026-05-11,rau_cu,Ngò gai,12000,22000,20000
2026-05-11,thit,Thịt ba chỉ,190000,190000,190000
2026-05-11,thit,Sườn non,210000,210000,210000
2026-05-11,thit,Nạc thăn,180000,180000,180000
2026-05-11,thit,Thịt lợn xay,140000,140000,140000
2026-05-11,thit,Thịt nạc vai,180000,180000,180000
2026-05-11,thit,Thịt bò úc,260000,260000,260000
2026-05-11,thit,Gầu bò,240000,240000,240000
2026-05-11,thit,Thăn bò,315000,315000,315000
2026-05-11,thit,Thị bò xay,210000,210000,210000
2026-05-11,thit,Bắp bò loại 1,290000,290000,290000
2026-05-11,thit,Thịt gà,87500,87500,87500
2026-05-11,thit,Chân gà,105000,105000,105000
2026-05-11,thit,Đùi gà công nghiệp,77500,77500,77500
2026-05-11,thit,Gà ta nguyên con,120000,120000,120000
2026-05-11,thuy_hai_san,Cá tra,40500,41000,40000
2026-05-11,thuy_hai_san,Lươn,180000,0,165000
2026-05-11,thuy_hai_san,Cá lóc,41500,43500,42000
2026-05-11,thuy_hai_san,Cá diêu hồng,48500,52500,50000
2026-05-11,thuy_hai_san,Cá Rô phi,29000,30000,28000
2026-05-11,thuy_hai_san,Cá bống,180000,180000,180000
2026-05-11,thuy_hai_san,Cá kèo,125000,125000,125000
2026-05-11,thuy_hai_san,Cá thát lát,87500,87500,87500
2026-05-11,thuy_hai_san,Cá mú,525000,525000,525000
2026-05-11,thuy_hai_san,Cá nục,90000,90000,90000
2026-05-11,thuy_hai_san,Cá chim,162500,162500,162500
2026-05-11,thuy_hai_san,Tôm,135000,135000,135000
2026-05-11,thuy_hai_san,Mực,170000,170000,170000
2026-05-11,thuy_hai_san,Nghêu,27500,27500,27500
2026-05-11,thuy_hai_san,Tôm càng xanh,550000,550000,550000
2026-05-11,thuy_hai_san,Tôm thẻ,125000,125000,125000
2026-05-11,thuy_hai_san,Tôm hùm,1025000,1025000,1025000
2026-05-12,rau_cu,Bắp non,29000,30500,30000
2026-05-12,rau_cu,Bắp cải trắng,9000,10000,9000
2026-05-12,rau_cu,Bắp cải tím,18500,20000,18000
2026-05-12,rau_cu,Bí đỏ,9500,10000,9000
2026-05-12,rau_cu,Bí đao,9000,10000,10000
2026-05-12,rau_cu,Dưa leo,14000,15000,15000
2026-05-12,rau_cu,Khổ qua,14500,15500,14000
2026-05-12,rau_cu,Khoai tây,11000,12000,12000
2026-05-12,rau_cu,Cà rốt,12000,12500,11000
2026-05-12,rau_cu,Cà tím,9500,10000,10000
2026-05-12,rau_cu,Cải bó xôi,23000,24000,24000
2026-05-12,rau_cu,Cải ngọt,9000,10000,9000
2026-05-12,rau_cu,Cải thảo,13000,14500,14000
2026-05-12,rau_cu,Cải bẹ xanh,10000,5000,9000
2026-05-12,rau_cu,Cải thìa,14000,16000,15000
2026-05-12,rau_cu,Cần Tây,19000,20500,18000
2026-05-12,rau_cu,Rau muống,8000,9000,8000
2026-05-12,rau_cu,Rau má,11000,12000,10000
2026-05-12,rau_cu,Rau mồng tơi,11500,13500,12000
2026-05-12,rau_cu,Xà Lách gai,17000,18500,17000
2026-05-12,rau_cu,Xà lách xong,11000,12000,11000
2026-05-12,rau_cu,Su su,8500,8000,7000
2026-05-12,rau_cu,Nấm bào ngư,46500,47500,45000
2026-05-12,rau_cu,Nấm đùi gà,49000,51000,48000
2026-05-12,rau_cu,Nấm đông cô,105000,107500,100000
2026-05-12,rau_cu,Cà chua,22000,23000,24000
2026-05-12,rau_cu,Đậu Bắp,19000,20000,18000
2026-05-12,rau_cu,Hành lá,26000,27500,25000
2026-05-12,rau_cu,Hành tây,14500,16000,15000
2026-05-12,rau_cu,Gừng,35500,36500,35000
2026-05-12,rau_cu,Ớt,36500,36500,35000
2026-05-12,rau_cu,Tỏi,23000,24000,22000
2026-05-12,rau_cu,Ngò rí,29000,29000,28000
2026-05-12,rau_cu,Ngò gai,12000,22000,20000
2026-05-12,thit,Thịt ba chỉ,190000,190000,190000
2026-05-12,thit,Sườn non,210000,210000,210000
2026-05-12,thit,Nạc thăn,180000,180000,180000
2026-05-12,thit,Thịt lợn xay,140000,140000,140000
2026-05-12,thit,Thịt nạc vai,180000,180000,180000
2026-05-12,thit,Thịt bò úc,260000,260000,260000
2026-05-12,thit,Gầu bò,240000,240000,240000
2026-05-12,thit,Thăn bò,315000,315000,315000
2026-05-12,thit,Thị bò xay,210000,210000,210000
2026-05-12,thit,Bắp bò loại 1,290000,290000,290000
2026-05-12,thit,Thịt gà,87500,87500,87500
2026-05-12,thit,Chân gà,105000,105000,105000
2026-05-12,thit,Đùi gà công nghiệp,77500,77500,77500
2026-05-12,thit,Gà ta nguyên con,120000,120000,120000
2026-05-12,thuy_hai_san,Cá tra,40500,41000,40000
2026-05-12,thuy_hai_san,Lươn,180000,0,165000
2026-05-12,thuy_hai_san,Cá lóc,41500,43500,42000
2026-05-12,thuy_hai_san,Cá diêu hồng,48500,52500,50000
2026-05-12,thuy_hai_san,Cá Rô phi,29000,30000,28000
2026-05-12,thuy_hai_san,Cá bống,180000,180000,180000
2026-05-12,thuy_hai_san,Cá kèo,125000,125000,125000
2026-05-12,thuy_hai_san,Cá thát lát,87500,87500,87500
2026-05-12,thuy_hai_san,Cá mú,525000,525000,525000
2026-05-12,thuy_hai_san,Cá nục,90000,90000,90000
2026-05-12,thuy_hai_san,Cá chim,162500,162500,162500
2026-05-12,thuy_hai_san,Tôm,135000,135000,135000
2026-05-12,thuy_hai_san,Mực,170000,170000,170000
2026-05-12,thuy_hai_san,Nghêu,27500,27500,27500
2026-05-12,thuy_hai_san,Tôm càng xanh,550000,550000,550000
2026-05-12,thuy_hai_san,Tôm thẻ,125000,125000,125000
2026-05-12,thuy_hai_san,Tôm hùm,1025000,1025000,1025000
2026-05-13,rau_cu,Bắp non,29000,30500,30000
2026-05-13,rau_cu,Bắp cải trắng,9000,10000,9000
2026-05-13,rau_cu,Bắp cải tím,18500,20000,18000
2026-05-13,rau_cu,Bí đỏ,9500,10000,9000
2026-05-13,rau_cu,Bí đao,9000,10000,10000
2026-05-13,rau_cu,Dưa leo,14000,15000,15000
2026-05-13,rau_cu,Khổ qua,14500,15500,14000
2026-05-13,rau_cu,Khoai tây,11000,12000,12000
2026-05-13,rau_cu,Cà rốt,12000,12500,11000
2026-05-13,rau_cu,Cà tím,9500,10000,10000
2026-05-13,rau_cu,Cải bó xôi,23000,24000,24000
2026-05-13,rau_cu,Cải ngọt,9000,10000,9000
2026-05-13,rau_cu,Cải thảo,13000,14500,14000
2026-05-13,rau_cu,Cải bẹ xanh,10000,5000,9000
2026-05-13,rau_cu,Cải thìa,14000,16000,15000
2026-05-13,rau_cu,Cần Tây,19000,20500,18000
2026-05-13,rau_cu,Rau muống,8000,9000,8000
2026-05-13,rau_cu,Rau má,11000,12000,10000
2026-05-13,rau_cu,Rau mồng tơi,11500,13500,12000
2026-05-13,rau_cu,Xà Lách gai,17000,18500,17000
2026-05-13,rau_cu,Xà lách xong,11000,12000,11000
2026-05-13,rau_cu,Su su,8500,8000,7000
2026-05-13,rau_cu,Nấm bào ngư,46500,47500,45000
2026-05-13,rau_cu,Nấm đùi gà,49000,51000,48000
2026-05-13,rau_cu,Nấm đông cô,105000,107500,100000
2026-05-13,rau_cu,Cà chua,22000,23000,24000
2026-05-13,rau_cu,Đậu Bắp,19000,20000,18000
2026-05-13,rau_cu,Hành lá,26000,27500,25000
2026-05-13,rau_cu,Hành tây,14500,16000,15000
2026-05-13,rau_cu,Gừng,35500,36500,35000
2026-05-13,rau_cu,Ớt,36500,36500,35000
2026-05-13,rau_cu,Tỏi,23000,24000,22000
2026-05-13,rau_cu,Ngò rí,29000,29000,28000
2026-05-13,rau_cu,Ngò gai,12000,22000,20000
2026-05-13,thit,Thịt ba chỉ,190000,190000,190000
2026-05-13,thit,Sườn non,210000,210000,210000
2026-05-13,thit,Nạc thăn,180000,180000,180000
2026-05-13,thit,Thịt lợn xay,140000,140000,140000
2026-05-13,thit,Thịt nạc vai,180000,180000,180000
2026-05-13,thit,Thịt bò úc,260000,260000,260000
2026-05-13,thit,Gầu bò,240000,240000,240000
2026-05-13,thit,Thăn bò,315000,315000,315000
2026-05-13,thit,Thị bò xay,210000,210000,210000
2026-05-13,thit,Bắp bò loại 1,290000,290000,290000
2026-05-13,thit,Thịt gà,87500,87500,87500
2026-05-13,thit,Chân gà,105000,105000,105000
2026-05-13,thit,Đùi gà công nghiệp,77500,77500,77500
2026-05-13,thit,Gà ta nguyên con,120000,120000,120000
2026-05-13,thuy_hai_san,Cá tra,40500,41000,40000
2026-05-13,thuy_hai_san,Lươn,180000,0,165000
2026-05-13,thuy_hai_san,Cá lóc,41500,43500,42000
2026-05-13,thuy_hai_san,Cá diêu hồng,48500,52500,50000
2026-05-13,thuy_hai_san,Cá Rô phi,29000,30000,28000
2026-05-13,thuy_hai_san,Cá bống,180000,180000,180000
2026-05-13,thuy_hai_san,Cá kèo,125000,125000,125000
2026-05-13,thuy_hai_san,Cá thát lát,87500,87500,87500
2026-05-13,thuy_hai_san,Cá mú,525000,525000,525000
2026-05-13,thuy_hai_san,Cá nục,90000,90000,90000
2026-05-13,thuy_hai_san,Cá chim,162500,162500,162500
2026-05-13,thuy_hai_san,Tôm,135000,135000,135000
2026-05-13,thuy_hai_san,Mực,170000,170000,170000
2026-05-13,thuy_hai_san,Nghêu,27500,27500,27500
2026-05-13,thuy_hai_san,Tôm càng xanh,550000,550000,550000
2026-05-13,thuy_hai_san,Tôm thẻ,125000,125000,125000
2026-05-13,thuy_hai_san,Tôm hùm,1025000,1025000,1025000
2026-05-14,rau_cu,Bắp non,29000,30500,30000
2026-05-14,rau_cu,Bắp cải trắng,9000,10000,9000
2026-05-14,rau_cu,Bắp cải tím,18500,20000,18000
2026-05-14,rau_cu,Bí đỏ,9500,10000,9000
2026-05-14,rau_cu,Bí đao,9000,10000,10000
2026-05-14,rau_cu,Dưa leo,14000,15000,15000
2026-05-14,rau_cu,Khổ qua,14500,15500,14000
2026-05-14,rau_cu,Khoai tây,11000,12000,12000
2026-05-14,rau_cu,Cà rốt,12000,12500,11000
2026-05-14,rau_cu,Cà tím,9500,10000,10000
2026-05-14,rau_cu,Cải bó xôi,23000,24000,24000
2026-05-14,rau_cu,Cải ngọt,9000,10000,9000
2026-05-14,rau_cu,Cải thảo,13000,14500,14000
2026-05-14,rau_cu,Cải bẹ xanh,10000,5000,9000
2026-05-14,rau_cu,Cải thìa,14000,16000,15000
2026-05-14,rau_cu,Cần Tây,19000,20500,18000
2026-05-14,rau_cu,Rau muống,8000,9000,8000
2026-05-14,rau_cu,Rau má,11000,12000,10000
2026-05-14,rau_cu,Rau mồng tơi,11500,13500,12000
2026-05-14,rau_cu,Xà Lách gai,17000,18500,17000
2026-05-14,rau_cu,Xà lách xong,11000,12000,11000
2026-05-14,rau_cu,Su su,8500,8000,7000
2026-05-14,rau_cu,Nấm bào ngư,46500,47500,45000
2026-05-14,rau_cu,Nấm đùi gà,49000,51000,48000
2026-05-14,rau_cu,Nấm đông cô,105000,107500,100000
2026-05-14,rau_cu,Cà chua,22000,23000,24000
2026-05-14,rau_cu,Đậu Bắp,19000,20000,18000
2026-05-14,rau_cu,Hành lá,26000,27500,25000
2026-05-14,rau_cu,Hành tây,14500,16000,15000
2026-05-14,rau_cu,Gừng,35500,36500,35000
2026-05-14,rau_cu,Ớt,36500,36500,35000
2026-05-14,rau_cu,Tỏi,23000,24000,22000
2026-05-14,rau_cu,Ngò rí,29000,29000,28000
2026-05-14,rau_cu,Ngò gai,12000,22000,20000
2026-05-14,thit,Thịt ba chỉ,190000,190000,190000
2026-05-14,thit,Sườn non,210000,210000,210000
2026-05-14,thit,Nạc thăn,180000,180000,180000
2026-05-14,thit,Thịt lợn xay,140000,140000,140000
2026-05-14,thit,Thịt nạc vai,180000,180000,180000
2026-05-14,thit,Thịt bò úc,260000,260000,260000
2026-05-14,thit,Gầu bò,240000,240000,240000
2026-05-14,thit,Thăn bò,315000,315000,315000
2026-05-14,thit,Thị bò xay,210000,210000,210000
2026-05-14,thit,Bắp bò loại 1,290000,290000,290000
2026-05-14,thit,Thịt gà,87500,87500,87500
2026-05-14,thit,Chân gà,105000,105000,105000
2026-05-14,thit,Đùi gà công nghiệp,77500,77500,77500
2026-05-14,thit,Gà ta nguyên con,120000,120000,120000
2026-05-14,thuy_hai_san,Cá tra,40500,41000,40000
2026-05-14,thuy_hai_san,Lươn,180000,0,165000
2026-05-14,thuy_hai_san,Cá lóc,41500,43500,42000
2026-05-14,thuy_hai_san,Cá diêu hồng,48500,52500,50000
2026-05-14,thuy_hai_san,Cá Rô phi,29000,30000,28000
2026-05-14,thuy_hai_san,Cá bống,180000,180000,180000
2026-05-14,thuy_hai_san,Cá kèo,125000,125000,125000
2026-05-14,thuy_hai_san,Cá thát lát,87500,87500,87500
2026-05-14,thuy_hai_san,Cá mú,525000,525000,525000
2026-05-14,thuy_hai_san,Cá nục,90000,90000,90000
2026-05-14,thuy_hai_san,Cá chim,162500,162500,162500
2026-05-14,thuy_hai_san,Tôm,135000,135000,135000
2026-05-14,thuy_hai_san,Mực,170000,170000,170000
2026-05-14,thuy_hai_san,Nghêu,27500,27500,27500
2026-05-14,thuy_hai_san,Tôm càng xanh,550000,550000,550000
2026-05-14,thuy_hai_san,Tôm thẻ,125000,125000,125000
2026-05-14,thuy_hai_san,Tôm hùm,1025000,1025000,1025000
2026-05-15,rau_cu,Bắp non,29000,30500,30000
2026-05-15,rau_cu,Bắp cải trắng,9000,10000,9000
2026-05-15,rau_cu,Bắp cải tím,18500,20000,18000
2026-05-15,rau_cu,Bí đỏ,9500,10000,9000
2026-05-15,rau_cu,Bí đao,9000,10000,10000
2026-05-15,rau_cu,Dưa leo,14000,15000,15000
2026-05-15,rau_cu,Khổ qua,14500,15500,14000
2026-05-15,rau_cu,Khoai tây,11000,12000,12000
2026-05-15,rau_cu,Cà rốt,12000,12500,11000
2026-05-15,rau_cu,Cà tím,9500,10000,10000
2026-05-15,rau_cu,Cải bó xôi,23000,24000,24000
2026-05-15,rau_cu,Cải ngọt,9000,10000,9000
2026-05-15,rau_cu,Cải thảo,13000,14500,14000
2026-05-15,rau_cu,Cải bẹ xanh,10000,5000,9000
2026-05-15,rau_cu,Cải thìa,14000,16000,15000
2026-05-15,rau_cu,Cần Tây,19000,20500,18000
2026-05-15,rau_cu,Rau muống,8000,9000,8000
2026-05-15,rau_cu,Rau má,11000,12000,10000
2026-05-15,rau_cu,Rau mồng tơi,11500,13500,12000
2026-05-15,rau_cu,Xà Lách gai,17000,18500,17000
2026-05-15,rau_cu,Xà lách xong,11000,12000,11000
2026-05-15,rau_cu,Su su,8500,8000,7000
2026-05-15,rau_cu,Nấm bào ngư,46500,47500,45000
2026-05-15,rau_cu,Nấm đùi gà,49000,51000,48000
2026-05-15,rau_cu,Nấm đông cô,105000,107500,100000
2026-05-15,rau_cu,Cà chua,22000,23000,24000
2026-05-15,rau_cu,Đậu Bắp,19000,20000,18000
2026-05-15,rau_cu,Hành lá,26000,27500,25000
2026-05-15,rau_cu,Hành tây,14500,16000,15000
2026-05-15,rau_cu,Gừng,35500,36500,35000
2026-05-15,rau_cu,Ớt,36500,36500,35000
2026-05-15,rau_cu,Tỏi,23000,24000,22000
2026-05-15,rau_cu,Ngò rí,29000,29000,28000
2026-05-15,rau_cu,Ngò gai,12000,22000,20000
2026-05-15,thit,Thịt ba chỉ,190000,190000,190000
2026-05-15,thit,Sườn non,210000,210000,210000
2026-05-15,thit,Nạc thăn,180000,180000,180000
2026-05-15,thit,Thịt lợn xay,140000,140000,140000
2026-05-15,thit,Thịt nạc vai,180000,180000,180000
2026-05-15,thit,Thịt bò úc,260000,260000,260000
2026-05-15,thit,Gầu bò,240000,240000,240000
2026-05-15,thit,Thăn bò,315000,315000,315000
2026-05-15,thit,Thị bò xay,210000,210000,210000
2026-05-15,thit,Bắp bò loại 1,290000,290000,290000
2026-05-15,thit,Thịt gà,87500,87500,87500
2026-05-15,thit,Chân gà,105000,105000,105000
2026-05-15,thit,Đùi gà công nghiệp,77500,77500,77500
2026-05-15,thit,Gà ta nguyên con,120000,120000,120000
2026-05-15,thuy_hai_san,Cá tra,40500,41000,40000
2026-05-15,thuy_hai_san,Lươn,180000,0,165000
2026-05-15,thuy_hai_san,Cá lóc,41500,43500,42000
2026-05-15,thuy_hai_san,Cá diêu hồng,48500,52500,50000
2026-05-15,thuy_hai_san,Cá Rô phi,29000,30000,28000
2026-05-15,thuy_hai_san,Cá bống,180000,180000,180000
2026-05-15,thuy_hai_san,Cá kèo,125000,125000,125000
2026-05-15,thuy_hai_san,Cá thát lát,87500,87500,87500
2026-05-15,thuy_hai_san,Cá mú,525000,525000,525000
2026-05-15,thuy_hai_san,Cá nục,90000,90000,90000
2026-05-15,thuy_hai_san,Cá chim,162500,162500,162500
2026-05-15,thuy_hai_san,Tôm,135000,135000,135000
2026-05-15,thuy_hai_san,Mực,170000,170000,170000
2026-05-15,thuy_hai_san,Nghêu,27500,27500,27500
2026-05-15,thuy_hai_san,Tôm càng xanh,550000,550000,550000
2026-05-15,thuy_hai_san,Tôm thẻ,125000,125000,125000
2026-05-15,thuy_hai_san,Tôm hùm,1025000,1025000,1025000
2026-05-16,rau_cu,Bắp non,29000,30500,30000
2026-05-16,rau_cu,Bắp cải trắng,9000,10000,9000
2026-05-16,rau_cu,Bắp cải tím,18500,20000,18000
2026-05-16,rau_cu,Bí đỏ,9500,10000,9000
2026-05-16,rau_cu,Bí đao,9000,10000,10000
2026-05-16,rau_cu,Dưa leo,14000,15000,15000
2026-05-16,rau_cu,Khổ qua,14500,15500,14000
2026-05-16,rau_cu,Khoai tây,11000,12000,12000
2026-05-16,rau_cu,Cà rốt,12000,12500,11000
2026-05-16,rau_cu,Cà tím,9500,10000,10000
2026-05-16,rau_cu,Cải bó xôi,23000,24000,24000
2026-05-16,rau_cu,Cải ngọt,9000,10000,9000
2026-05-16,rau_cu,Cải thảo,13000,14500,14000
2026-05-16,rau_cu,Cải bẹ xanh,10000,5000,9000
2026-05-16,rau_cu,Cải thìa,14000,16000,15000
2026-05-16,rau_cu,Cần Tây,19000,20500,18000
2026-05-16,rau_cu,Rau muống,8000,9000,8000
2026-05-16,rau_cu,Rau má,11000,12000,10000
2026-05-16,rau_cu,Rau mồng tơi,11500,13500,12000
2026-05-16,rau_cu,Xà Lách gai,17000,18500,17000
2026-05-16,rau_cu,Xà lách xong,11000,12000,11000
2026-05-16,rau_cu,Su su,8500,8000,7000
2026-05-16,rau_cu,Nấm bào ngư,46500,47500,45000
2026-05-16,rau_cu,Nấm đùi gà,49000,51000,48000
2026-05-16,rau_cu,Nấm đông cô,105000,107500,100000
2026-05-16,rau_cu,Cà chua,22000,23000,24000
2026-05-16,rau_cu,Đậu Bắp,19000,20000,18000
2026-05-16,rau_cu,Hành lá,26000,27500,25000
2026-05-16,rau_cu,Hành tây,14500,16000,15000
2026-05-16,rau_cu,Gừng,35500,36500,35000
2026-05-16,rau_cu,Ớt,36500,36500,35000
2026-05-16,rau_cu,Tỏi,23000,24000,22000
2026-05-16,rau_cu,Ngò rí,29000,29000,28000
2026-05-16,rau_cu,Ngò gai,12000,22000,20000
2026-05-16,thit,Thịt ba chỉ,190000,190000,190000
2026-05-16,thit,Sườn non,210000,210000,210000
2026-05-16,thit,Nạc thăn,180000,180000,180000
2026-05-16,thit,Thịt lợn xay,140000,140000,140000
2026-05-16,thit,Thịt nạc vai,180000,180000,180000
2026-05-16,thit,Thịt bò úc,260000,260000,260000
2026-05-16,thit,Gầu bò,240000,240000,240000
2026-05-16,thit,Thăn bò,315000,315000,315000
2026-05-16,thit,Thị bò xay,210000,210000,210000
2026-05-16,thit,Bắp bò loại 1,290000,290000,290000
2026-05-16,thit,Thịt gà,87500,87500,87500
2026-05-16,thit,Chân gà,105000,105000,105000
2026-05-16,thit,Đùi gà công nghiệp,77500,77500,77500
2026-05-16,thit,Gà ta nguyên con,120000,120000,120000
2026-05-16,thuy_hai_san,Cá tra,40500,41000,40000
2026-05-16,thuy_hai_san,Lươn,180000,0,165000
2026-05-16,thuy_hai_san,Cá lóc,41500,43500,42000
2026-05-16,thuy_hai_san,Cá diêu hồng,48500,52500,50000
2026-05-16,thuy_hai_san,Cá Rô phi,29000,30000,28000
2026-05-16,thuy_hai_san,Cá bống,180000,180000,180000
2026-05-16,thuy_hai_san,Cá kèo,125000,125000,125000
2026-05-16,thuy_hai_san,Cá thát lát,87500,87500,87500
2026-05-16,thuy_hai_san,Cá mú,525000,525000,525000
2026-05-16,thuy_hai_san,Cá nục,90000,90000,90000
2026-05-16,thuy_hai_san,Cá chim,162500,162500,162500
2026-05-16,thuy_hai_san,Tôm,135000,135000,135000
2026-05-16,thuy_hai_san,Mực,170000,170000,170000
2026-05-16,thuy_hai_san,Nghêu,27500,27500,27500
2026-05-16,thuy_hai_san,Tôm càng xanh,550000,550000,550000
2026-05-16,thuy_hai_san,Tôm thẻ,125000,125000,125000
2026-05-16,thuy_hai_san,Tôm hùm,1025000,1025000,1025000
2026-05-17,rau_cu,Bắp non,29000,30500,30000
2026-05-17,rau_cu,Bắp cải trắng,9000,10000,9000
2026-05-17,rau_cu,Bắp cải tím,18500,20000,18000
2026-05-17,rau_cu,Bí đỏ,9500,10000,9000
2026-05-17,rau_cu,Bí đao,9000,10000,10000
2026-05-17,rau_cu,Dưa leo,14000,15000,15000
2026-05-17,rau_cu,Khổ qua,14500,15500,14000
2026-05-17,rau_cu,Khoai tây,11000,12000,12000
2026-05-17,rau_cu,Cà rốt,12000,12500,11000
2026-05-17,rau_cu,Cà tím,9500,10000,10000
2026-05-17,rau_cu,Cải bó xôi,23000,24000,24000
2026-05-17,rau_cu,Cải ngọt,9000,10000,9000
2026-05-17,rau_cu,Cải thảo,13000,14500,14000
2026-05-17,rau_cu,Cải bẹ xanh,10000,5000,9000
2026-05-17,rau_cu,Cải thìa,14000,16000,15000
2026-05-17,rau_cu,Cần Tây,19000,20500,18000
2026-05-17,rau_cu,Rau muống,8000,9000,8000
2026-05-17,rau_cu,Rau má,11000,12000,10000
2026-05-17,rau_cu,Rau mồng tơi,11500,13500,12000
2026-05-17,rau_cu,Xà Lách gai,17000,18500,17000
2026-05-17,rau_cu,Xà lách xong,11000,12000,11000
2026-05-17,rau_cu,Su su,8500,8000,7000
2026-05-17,rau_cu,Nấm bào ngư,46500,47500,45000
2026-05-17,rau_cu,Nấm đùi gà,49000,51000,48000
2026-05-17,rau_cu,Nấm đông cô,105000,107500,100000
2026-05-17,rau_cu,Cà chua,22000,23000,24000
2026-05-17,rau_cu,Đậu Bắp,19000,20000,18000
2026-05-17,rau_cu,Hành lá,26000,27500,25000
2026-05-17,rau_cu,Hành tây,14500,16000,15000
2026-05-17,rau_cu,Gừng,35500,36500,35000
2026-05-17,rau_cu,Ớt,36500,36500,35000
2026-05-17,rau_cu,Tỏi,23000,24000,22000
2026-05-17,rau_cu,Ngò rí,29000,29000,28000
2026-05-17,rau_cu,Ngò gai,12000,22000,20000
2026-05-17,thit,Thịt ba chỉ,190000,190000,190000
2026-05-17,thit,Sườn non,210000,210000,210000
2026-05-17,thit,Nạc thăn,180000,180000,180000
2026-05-17,thit,Thịt lợn xay,140000,140000,140000
2026-05-17,thit,Thịt nạc vai,180000,180000,180000
2026-05-17,thit,Thịt bò úc,260000,260000,260000
2026-05-17,thit,Gầu bò,240000,240000,240000
2026-05-17,thit,Thăn bò,315000,315000,315000
2026-05-17,thit,Thị bò xay,210000,210000,210000
2026-05-17,thit,Bắp bò loại 1,290000,290000,290000
2026-05-17,thit,Thịt gà,87500,87500,87500
2026-05-17,thit,Chân gà,105000,105000,105000
2026-05-17,thit,Đùi gà công nghiệp,77500,77500,77500
2026-05-17,thit,Gà ta nguyên con,120000,120000,120000
2026-05-17,thuy_hai_san,Cá tra,40500,41000,40000
2026-05-17,thuy_hai_san,Lươn,180000,0,165000
2026-05-17,thuy_hai_san,Cá lóc,41500,43500,42000
2026-05-17,thuy_hai_san,Cá diêu hồng,48500,52500,50000
2026-05-17,thuy_hai_san,Cá Rô phi,29000,30000,28000
2026-05-17,thuy_hai_san,Cá bống,180000,180000,180000
2026-05-17,thuy_hai_san,Cá kèo,125000,125000,125000
2026-05-17,thuy_hai_san,Cá thát lát,87500,87500,87500
2026-05-17,thuy_hai_san,Cá mú,525000,525000,525000
2026-05-17,thuy_hai_san,Cá nục,90000,90000,90000
2026-05-17,thuy_hai_san,Cá chim,162500,162500,162500
2026-05-17,thuy_hai_san,Tôm,135000,135000,135000
2026-05-17,thuy_hai_san,Mực,170000,170000,170000
2026-05-17,thuy_hai_san,Nghêu,27500,27500,27500
2026-05-17,thuy_hai_san,Tôm càng xanh,550000,550000,550000
2026-05-17,thuy_hai_san,Tôm thẻ,125000,125000,125000
2026-05-17,thuy_hai_san,Tôm hùm,1025000,1025000,1025000
2026-05-18,rau_cu,Bắp non,29000,30500,30000
2026-05-18,rau_cu,Bắp cải trắng,9000,10000,9000
2026-05-18,rau_cu,Bắp cải tím,18500,20000,18000
2026-05-18,rau_cu,Bí đỏ,9500,10000,9000
2026-05-18,rau_cu,Bí đao,9000,10000,10000
2026-05-18,rau_cu,Dưa leo,14000,15000,15000
2026-05-18,rau_cu,Khổ qua,14500,15500,14000
2026-05-18,rau_cu,Khoai tây,11000,12000,12000
2026-05-18,rau_cu,Cà rốt,12000,12500,11000
2026-05-18,rau_cu,Cà tím,9500,10000,10000
2026-05-18,rau_cu,Cải bó xôi,23000,24000,24000
2026-05-18,rau_cu,Cải ngọt,9000,10000,9000
2026-05-18,rau_cu,Cải thảo,13000,14500,14000
2026-05-18,rau_cu,Cải bẹ xanh,10000,5000,9000
2026-05-18,rau_cu,Cải thìa,14000,16000,15000
2026-05-18,rau_cu,Cần Tây,19000,20500,18000
2026-05-18,rau_cu,Rau muống,8000,9000,8000
2026-05-18,rau_cu,Rau má,11000,12000,10000
2026-05-18,rau_cu,Rau mồng tơi,11500,13500,12000
2026-05-18,rau_cu,Xà Lách gai,17000,18500,17000
2026-05-18,rau_cu,Xà lách xong,11000,12000,11000
2026-05-18,rau_cu,Su su,8500,8000,7000
2026-05-18,rau_cu,Nấm bào ngư,46500,47500,45000
2026-05-18,rau_cu,Nấm đùi gà,49000,51000,48000
2026-05-18,rau_cu,Nấm đông cô,105000,107500,100000
2026-05-18,rau_cu,Cà chua,22000,23000,24000
2026-05-18,rau_cu,Đậu Bắp,19000,20000,18000
2026-05-18,rau_cu,Hành lá,26000,27500,25000
2026-05-18,rau_cu,Hành tây,14500,16000,15000
2026-05-18,rau_cu,Gừng,35500,36500,35000
2026-05-18,rau_cu,Ớt,36500,36500,35000
2026-05-18,rau_cu,Tỏi,23000,24000,22000
2026-05-18,rau_cu,Ngò rí,29000,29000,28000
2026-05-18,rau_cu,Ngò gai,12000,22000,20000
2026-05-18,thit,Thịt ba chỉ,190000,190000,190000
2026-05-18,thit,Sườn non,210000,210000,210000
2026-05-18,thit,Nạc thăn,180000,180000,180000
2026-05-18,thit,Thịt lợn xay,140000,140000,140000
2026-05-18,thit,Thịt nạc vai,180000,180000,180000
2026-05-18,thit,Thịt bò úc,260000,260000,260000
2026-05-18,thit,Gầu bò,240000,240000,240000
2026-05-18,thit,Thăn bò,315000,315000,315000
2026-05-18,thit,Thị bò xay,210000,210000,210000
2026-05-18,thit,Bắp bò loại 1,290000,290000,290000
2026-05-18,thit,Thịt gà,87500,87500,87500
2026-05-18,thit,Chân gà,105000,105000,105000
2026-05-18,thit,Đùi gà công nghiệp,77500,77500,77500
2026-05-18,thit,Gà ta nguyên con,120000,120000,120000
2026-05-18,thuy_hai_san,Cá tra,40500,41000,40000
2026-05-18,thuy_hai_san,Lươn,180000,0,165000
2026-05-18,thuy_hai_san,Cá lóc,41500,43500,42000
2026-05-18,thuy_hai_san,Cá diêu hồng,48500,52500,50000
2026-05-18,thuy_hai_san,Cá Rô phi,29000,30000,28000
2026-05-18,thuy_hai_san,Cá bống,180000,180000,180000
2026-05-18,thuy_hai_san,Cá kèo,125000,125000,125000
2026-05-18,thuy_hai_san,Cá thát lát,87500,87500,87500
2026-05-18,thuy_hai_san,Cá mú,525000,525000,525000
2026-05-18,thuy_hai_san,Cá nục,90000,90000,90000
2026-05-18,thuy_hai_san,Cá chim,162500,162500,162500
2026-05-18,thuy_hai_san,Tôm,135000,135000,135000
2026-05-18,thuy_hai_san,Mực,170000,170000,170000
2026-05-18,thuy_hai_san,Nghêu,27500,27500,27500
2026-05-18,thuy_hai_san,Tôm càng xanh,550000,550000,550000
2026-05-18,thuy_hai_san,Tôm thẻ,125000,125000,125000
2026-05-18,thuy_hai_san,Tôm hùm,1025000,1025000,1025000
2026-05-19,rau_cu,Bắp non,29000,30500,30000
2026-05-19,rau_cu,Bắp cải trắng,9000,10000,9000
2026-05-19,rau_cu,Bắp cải tím,18500,20000,18000
2026-05-19,rau_cu,Bí đỏ,9500,10000,9000
2026-05-19,rau_cu,Bí đao,9000,10000,10000
2026-05-19,rau_cu,Dưa leo,14000,15000,15000
2026-05-19,rau_cu,Khổ qua,14500,15500,14000
2026-05-19,rau_cu,Khoai tây,11000,12000,12000
2026-05-19,rau_cu,Cà rốt,12000,12500,11000
2026-05-19,rau_cu,Cà tím,9500,10000,10000
2026-05-19,rau_cu,Cải bó xôi,23000,24000,24000
2026-05-19,rau_cu,Cải ngọt,9000,10000,9000
2026-05-19,rau_cu,Cải thảo,13000,14500,14000
2026-05-19,rau_cu,Cải bẹ xanh,10000,5000,9000
2026-05-19,rau_cu,Cải thìa,14000,16000,15000
2026-05-19,rau_cu,Cần Tây,19000,20500,18000
2026-05-19,rau_cu,Rau muống,8000,9000,8000
2026-05-19,rau_cu,Rau má,11000,12000,10000
2026-05-19,rau_cu,Rau mồng tơi,11500,13500,12000
2026-05-19,rau_cu,Xà Lách gai,17000,18500,17000
2026-05-19,rau_cu,Xà lách xong,11000,12000,11000
2026-05-19,rau_cu,Su su,8500,8000,7000
2026-05-19,rau_cu,Nấm bào ngư,46500,47500,45000
2026-05-19,rau_cu,Nấm đùi gà,49000,51000,48000
2026-05-19,rau_cu,Nấm đông cô,105000,107500,100000
2026-05-19,rau_cu,Cà chua,22000,23000,24000
2026-05-19,rau_cu,Đậu Bắp,19000,20000,18000
2026-05-19,rau_cu,Hành lá,26000,27500,25000
2026-05-19,rau_cu,Hành tây,14500,16000,15000
2026-05-19,rau_cu,Gừng,35500,36500,35000
2026-05-19,rau_cu,Ớt,36500,36500,35000
2026-05-19,rau_cu,Tỏi,23000,24000,22000
2026-05-19,rau_cu,Ngò rí,29000,29000,28000
2026-05-19,rau_cu,Ngò gai,12000,22000,20000
2026-05-19,thit,Thịt ba chỉ,190000,190000,190000
2026-05-19,thit,Sườn non,210000,210000,210000
2026-05-19,thit,Nạc thăn,180000,180000,180000
2026-05-19,thit,Thịt lợn xay,140000,140000,140000
2026-05-19,thit,Thịt nạc vai,180000,180000,180000
2026-05-19,thit,Thịt bò úc,260000,260000,260000
2026-05-19,thit,Gầu bò,240000,240000,240000
2026-05-19,thit,Thăn bò,315000,315000,315000
2026-05-19,thit,Thị bò xay,210000,210000,210000
2026-05-19,thit,Bắp bò loại 1,290000,290000,290000
2026-05-19,thit,Thịt gà,87500,87500,87500
2026-05-19,thit,Chân gà,105000,105000,105000
2026-05-19,thit,Đùi gà công nghiệp,77500,77500,77500
2026-05-19,thit,Gà ta nguyên con,120000,120000,120000
2026-05-19,thuy_hai_san,Cá tra,40500,41000,40000
2026-05-19,thuy_hai_san,Lươn,180000,0,165000
2026-05-19,thuy_hai_san,Cá lóc,41500,43500,42000
2026-05-19,thuy_hai_san,Cá diêu hồng,48500,52500,50000
2026-05-19,thuy_hai_san,Cá Rô phi,29000,30000,28000
2026-05-19,thuy_hai_san,Cá bống,180000,180000,180000
2026-05-19,thuy_hai_san,Cá kèo,125000,125000,125000
2026-05-19,thuy_hai_san,Cá thát lát,87500,87500,87500
2026-05-19,thuy_hai_san,Cá mú,525000,525000,525000
2026-05-19,thuy_hai_san,Cá nục,90000,90000,90000
2026-05-19,thuy_hai_san,Cá chim,162500,162500,162500
2026-05-19,thuy_hai_san,Tôm,135000,135000,135000
2026-05-19,thuy_hai_san,Mực,170000,170000,170000
2026-05-19,thuy_hai_san,Nghêu,27500,27500,27500
2026-05-19,thuy_hai_san,Tôm càng xanh,550000,550000,550000
2026-05-19,thuy_hai_san,Tôm thẻ,125000,125000,125000
2026-05-19,thuy_hai_san,Tôm hùm,1025000,1025000,1025000
2026-05-20,rau_cu,Bắp non,29000,30500,30000
2026-05-20,rau_cu,Bắp cải trắng,9000,10000,9000
2026-05-20,rau_cu,Bắp cải tím,18500,20000,18000
2026-05-20,rau_cu,Bí đỏ,9500,10000,9000
2026-05-20,rau_cu,Bí đao,9000,10000,10000
2026-05-20,rau_cu,Dưa leo,14000,15000,15000
2026-05-20,rau_cu,Khổ qua,14500,15500,14000
2026-05-20,rau_cu,Khoai tây,11000,12000,12000
2026-05-20,rau_cu,Cà rốt,12000,12500,11000
2026-05-20,rau_cu,Cà tím,9500,10000,10000
2026-05-20,rau_cu,Cải bó xôi,23000,24000,24000
2026-05-20,rau_cu,Cải ngọt,9000,10000,9000
2026-05-20,rau_cu,Cải thảo,13000,14500,14000
2026-05-20,rau_cu,Cải bẹ xanh,10000,5000,9000
2026-05-20,rau_cu,Cải thìa,14000,16000,15000
2026-05-20,rau_cu,Cần Tây,19000,20500,18000
2026-05-20,rau_cu,Rau muống,8000,9000,8000
2026-05-20,rau_cu,Rau má,11000,12000,10000
2026-05-20,rau_cu,Rau mồng tơi,11500,13500,12000
2026-05-20,rau_cu,Xà Lách gai,17000,18500,17000
2026-05-20,rau_cu,Xà lách xong,11000,12000,11000
2026-05-20,rau_cu,Su su,8500,8000,7000
2026-05-20,rau_cu,Nấm bào ngư,46500,47500,45000
2026-05-20,rau_cu,Nấm đùi gà,49000,51000,48000
2026-05-20,rau_cu,Nấm đông cô,105000,107500,100000
2026-05-20,rau_cu,Cà chua,22000,23000,24000
2026-05-20,rau_cu,Đậu Bắp,19000,20000,18000
2026-05-20,rau_cu,Hành lá,26000,27500,25000
2026-05-20,rau_cu,Hành tây,14500,16000,15000
2026-05-20,rau_cu,Gừng,35500,36500,35000
2026-05-20,rau_cu,Ớt,36500,36500,35000
2026-05-20,rau_cu,Tỏi,23000,24000,22000
2026-05-20,rau_cu,Ngò rí,29000,29000,28000
2026-05-20,rau_cu,Ngò gai,12000,22000,20000
2026-05-20,thit,Thịt ba chỉ,190000,190000,190000
2026-05-20,thit,Sườn non,210000,210000,210000
2026-05-20,thit,Nạc thăn,180000,180000,180000
2026-05-20,thit,Thịt lợn xay,140000,140000,140000
2026-05-20,thit,Thịt nạc vai,180000,180000,180000
2026-05-20,thit,Thịt bò úc,260000,260000,260000
2026-05-20,thit,Gầu bò,240000,240000,240000
2026-05-20,thit,Thăn bò,315000,315000,315000
2026-05-20,thit,Thị bò xay,210000,210000,210000
2026-05-20,thit,Bắp bò loại 1,290000,290000,290000
2026-05-20,thit,Thịt gà,87500,87500,87500
2026-05-20,thit,Chân gà,105000,105000,105000
2026-05-20,thit,Đùi gà công nghiệp,77500,77500,77500
2026-05-20,thit,Gà ta nguyên con,120000,120000,120000
2026-05-20,thuy_hai_san,Cá tra,40500,41000,40000
2026-05-20,thuy_hai_san,Lươn,180000,0,165000
2026-05-20,thuy_hai_san,Cá lóc,41500,43500,42000
2026-05-20,thuy_hai_san,Cá diêu hồng,48500,52500,50000
2026-05-20,thuy_hai_san,Cá Rô phi,29000,30000,28000
2026-05-20,thuy_hai_san,Cá bống,180000,180000,180000
2026-05-20,thuy_hai_san,Cá kèo,125000,125000,125000
2026-05-20,thuy_hai_san,Cá thát lát,87500,87500,87500
2026-05-20,thuy_hai_san,Cá mú,525000,525000,525000
2026-05-20,thuy_hai_san,Cá nục,90000,90000,90000
2026-05-20,thuy_hai_san,Cá chim,162500,162500,162500
2026-05-20,thuy_hai_san,Tôm,135000,135000,135000
2026-05-20,thuy_hai_san,Mực,170000,170000,170000
2026-05-20,thuy_hai_san,Nghêu,27500,27500,27500
2026-05-20,thuy_hai_san,Tôm càng xanh,550000,550000,550000
2026-05-20,thuy_hai_san,Tôm thẻ,125000,125000,125000
2026-05-20,thuy_hai_san,Tôm hùm,1025000,1025000,1025000
2026-05-21,rau_cu,Bắp non,29000,30500,30000
2026-05-21,rau_cu,Bắp cải trắng,9000,10000,9000
2026-05-21,rau_cu,Bắp cải tím,18500,20000,18000
2026-05-21,rau_cu,Bí đỏ,9500,10000,9000
2026-05-21,rau_cu,Bí đao,9000,10000,10000
2026-05-21,rau_cu,Dưa leo,14000,15000,15000
2026-05-21,rau_cu,Khổ qua,14500,15500,14000
2026-05-21,rau_cu,Khoai tây,11000,12000,12000
2026-05-21,rau_cu,Cà rốt,12000,12500,11000
2026-05-21,rau_cu,Cà tím,9500,10000,10000
2026-05-21,rau_cu,Cải bó xôi,23000,24000,24000
2026-05-21,rau_cu,Cải ngọt,9000,10000,9000
2026-05-21,rau_cu,Cải thảo,13000,14500,14000
2026-05-21,rau_cu,Cải bẹ xanh,10000,5000,9000
2026-05-21,rau_cu,Cải thìa,14000,16000,15000
2026-05-21,rau_cu,Cần Tây,19000,20500,18000
2026-05-21,rau_cu,Rau muống,8000,9000,8000
2026-05-21,rau_cu,Rau má,11000,12000,10000
2026-05-21,rau_cu,Rau mồng tơi,11500,13500,12000
2026-05-21,rau_cu,Xà Lách gai,17000,18500,17000
2026-05-21,rau_cu,Xà lách xong,11000,12000,11000
2026-05-21,rau_cu,Su su,8500,8000,7000
2026-05-21,rau_cu,Nấm bào ngư,46500,47500,45000
2026-05-21,rau_cu,Nấm đùi gà,49000,51000,48000
2026-05-21,rau_cu,Nấm đông cô,105000,107500,100000
2026-05-21,rau_cu,Cà chua,22000,23000,24000
2026-05-21,rau_cu,Đậu Bắp,19000,20000,18000
2026-05-21,rau_cu,Hành lá,26000,27500,25000
2026-05-21,rau_cu,Hành tây,14500,16000,15000
2026-05-21,rau_cu,Gừng,35500,36500,35000
2026-05-21,rau_cu,Ớt,36500,36500,35000
2026-05-21,rau_cu,Tỏi,23000,24000,22000
2026-05-21,rau_cu,Ngò rí,29000,29000,28000
2026-05-21,rau_cu,Ngò gai,12000,22000,20000
2026-05-21,thit,Thịt ba chỉ,190000,190000,190000
2026-05-21,thit,Sườn non,210000,210000,210000
2026-05-21,thit,Nạc thăn,180000,180000,180000
2026-05-21,thit,Thịt lợn xay,140000,140000,140000
2026-05-21,thit,Thịt nạc vai,180000,180000,180000
2026-05-21,thit,Thịt bò úc,260000,260000,260000
2026-05-21,thit,Gầu bò,240000,240000,240000
2026-05-21,thit,Thăn bò,315000,315000,315000
2026-05-21,thit,Thị bò xay,210000,210000,210000
2026-05-21,thit,Bắp bò loại 1,290000,290000,290000
2026-05-21,thit,Thịt gà,87500,87500,87500
2026-05-21,thit,Chân gà,105000,105000,105000
2026-05-21,thit,Đùi gà công nghiệp,77500,77500,77500
2026-05-21,thit,Gà ta nguyên con,120000,120000,120000
2026-05-21,thuy_hai_san,Cá tra,40500,41000,40000
2026-05-21,thuy_hai_san,Lươn,180000,0,165000
2026-05-21,thuy_hai_san,Cá lóc,41500,43500,42000
2026-05-21,thuy_hai_san,Cá diêu hồng,48500,52500,50000
2026-05-21,thuy_hai_san,Cá Rô phi,29000,30000,28000
2026-05-21,thuy_hai_san,Cá bống,180000,180000,180000
2026-05-21,thuy_hai_san,Cá kèo,125000,125000,125000
2026-05-21,thuy_hai_san,Cá thát lát,87500,87500,87500
2026-05-21,thuy_hai_san,Cá mú,525000,525000,525000
2026-05-21,thuy_hai_san,Cá nục,90000,90000,90000
2026-05-21,thuy_hai_san,Cá chim,162500,162500,162500
2026-05-21,thuy_hai_san,Tôm,135000,135000,135000
2026-05-21,thuy_hai_san,Mực,170000,170000,170000
2026-05-21,thuy_hai_san,Nghêu,27500,27500,27500
2026-05-21,thuy_hai_san,Tôm càng xanh,550000,550000,550000
2026-05-21,thuy_hai_san,Tôm thẻ,125000,125000,125000
2026-05-21,thuy_hai_san,Tôm hùm,1025000,1025000,1025000
2026-05-22,rau_cu,Bắp non,29000,30500,30000
2026-05-22,rau_cu,Bắp cải trắng,9000,10000,9000
2026-05-22,rau_cu,Bắp cải tím,18500,20000,18000
2026-05-22,rau_cu,Bí đỏ,9500,10000,9000
2026-05-22,rau_cu,Bí đao,9000,10000,10000
2026-05-22,rau_cu,Dưa leo,14000,15000,15000
2026-05-22,rau_cu,Khổ qua,14500,15500,14000
2026-05-22,rau_cu,Khoai tây,11000,12000,12000
2026-05-22,rau_cu,Cà rốt,12000,12500,11000
2026-05-22,rau_cu,Cà tím,9500,10000,10000
2026-05-22,rau_cu,Cải bó xôi,23000,24000,24000
2026-05-22,rau_cu,Cải ngọt,9000,10000,9000
2026-05-22,rau_cu,Cải thảo,13000,14500,14000
2026-05-22,rau_cu,Cải bẹ xanh,10000,5000,9000
2026-05-22,rau_cu,Cải thìa,14000,16000,15000
2026-05-22,rau_cu,Cần Tây,19000,20500,18000
2026-05-22,rau_cu,Rau muống,8000,9000,8000
2026-05-22,rau_cu,Rau má,11000,12000,10000
2026-05-22,rau_cu,Rau mồng tơi,11500,13500,12000
2026-05-22,rau_cu,Xà Lách gai,17000,18500,17000
2026-05-22,rau_cu,Xà lách xong,11000,12000,11000
2026-05-22,rau_cu,Su su,8500,8000,7000
2026-05-22,rau_cu,Nấm bào ngư,46500,47500,45000
2026-05-22,rau_cu,Nấm đùi gà,49000,51000,48000
2026-05-22,rau_cu,Nấm đông cô,105000,107500,100000
2026-05-22,rau_cu,Cà chua,22000,23000,24000
2026-05-22,rau_cu,Đậu Bắp,19000,20000,18000
2026-05-22,rau_cu,Hành lá,26000,27500,25000
2026-05-22,rau_cu,Hành tây,14500,16000,15000
2026-05-22,rau_cu,Gừng,35500,36500,35000
2026-05-22,rau_cu,Ớt,36500,36500,35000
2026-05-22,rau_cu,Tỏi,23000,24000,22000
2026-05-22,rau_cu,Ngò rí,29000,29000,28000
2026-05-22,rau_cu,Ngò gai,12000,22000,20000
2026-05-22,thit,Thịt ba chỉ,190000,190000,190000
2026-05-22,thit,Sườn non,210000,210000,210000
2026-05-22,thit,Nạc thăn,180000,180000,180000
2026-05-22,thit,Thịt lợn xay,140000,140000,140000
2026-05-22,thit,Thịt nạc vai,180000,180000,180000
2026-05-22,thit,Thịt bò úc,260000,260000,260000
2026-05-22,thit,Gầu bò,240000,240000,240000
2026-05-22,thit,Thăn bò,315000,315000,315000
2026-05-22,thit,Thị bò xay,210000,210000,210000
2026-05-22,thit,Bắp bò loại 1,290000,290000,290000
2026-05-22,thit,Thịt gà,87500,87500,87500
2026-05-22,thit,Chân gà,105000,105000,105000
2026-05-22,thit,Đùi gà công nghiệp,77500,77500,77500
2026-05-22,thit,Gà ta nguyên con,120000,120000,120000
2026-05-22,thuy_hai_san,Cá tra,40500,41000,40000
2026-05-22,thuy_hai_san,Lươn,180000,0,165000
2026-05-22,thuy_hai_san,Cá lóc,41500,43500,42000
2026-05-22,thuy_hai_san,Cá diêu hồng,48500,52500,50000
2026-05-22,thuy_hai_san,Cá Rô phi,29000,30000,28000
2026-05-22,thuy_hai_san,Cá bống,180000,180000,180000
2026-05-22,thuy_hai_san,Cá kèo,125000,125000,125000
2026-05-22,thuy_hai_san,Cá thát lát,87500,87500,87500
2026-05-22,thuy_hai_san,Cá mú,525000,525000,525000
2026-05-22,thuy_hai_san,Cá nục,90000,90000,90000
2026-05-22,thuy_hai_san,Cá chim,162500,162500,162500
2026-05-22,thuy_hai_san,Tôm,135000,135000,135000
2026-05-22,thuy_hai_san,Mực,170000,170000,170000
2026-05-22,thuy_hai_san,Nghêu,27500,27500,27500
2026-05-22,thuy_hai_san,Tôm càng xanh,550000,550000,550000
2026-05-22,thuy_hai_san,Tôm thẻ,125000,125000,125000
2026-05-22,thuy_hai_san,Tôm hùm,1025000,1025000,1025000
2026-05-23,rau_cu,Bắp non,29000,30500,30000
2026-05-23,rau_cu,Bắp cải trắng,9000,10000,9000
2026-05-23,rau_cu,Bắp cải tím,18500,20000,18000
2026-05-23,rau_cu,Bí đỏ,9500,10000,9000
2026-05-23,rau_cu,Bí đao,9000,10000,10000
2026-05-23,rau_cu,Dưa leo,14000,15000,15000
2026-05-23,rau_cu,Khổ qua,14500,15500,14000
2026-05-23,rau_cu,Khoai tây,11000,12000,12000
2026-05-23,rau_cu,Cà rốt,12000,12500,11000
2026-05-23,rau_cu,Cà tím,9500,10000,10000
2026-05-23,rau_cu,Cải bó xôi,23000,24000,24000
2026-05-23,rau_cu,Cải ngọt,9000,10000,9000
2026-05-23,rau_cu,Cải thảo,13000,14500,14000
2026-05-23,rau_cu,Cải bẹ xanh,10000,5000,9000
2026-05-23,rau_cu,Cải thìa,14000,16000,15000
2026-05-23,rau_cu,Cần Tây,19000,20500,18000
2026-05-23,rau_cu,Rau muống,8000,9000,8000
2026-05-23,rau_cu,Rau má,11000,12000,10000
2026-05-23,rau_cu,Rau mồng tơi,11500,13500,12000
2026-05-23,rau_cu,Xà Lách gai,17000,18500,17000
2026-05-23,rau_cu,Xà lách xong,11000,12000,11000
2026-05-23,rau_cu,Su su,8500,8000,7000
2026-05-23,rau_cu,Nấm bào ngư,46500,47500,45000
2026-05-23,rau_cu,Nấm đùi gà,49000,51000,48000
2026-05-23,rau_cu,Nấm đông cô,105000,107500,100000
2026-05-23,rau_cu,Cà chua,22000,23000,24000
2026-05-23,rau_cu,Đậu Bắp,19000,20000,18000
2026-05-23,rau_cu,Hành lá,26000,27500,25000
2026-05-23,rau_cu,Hành tây,14500,16000,15000
2026-05-23,rau_cu,Gừng,35500,36500,35000
2026-05-23,rau_cu,Ớt,36500,36500,35000
2026-05-23,rau_cu,Tỏi,23000,24000,22000
2026-05-23,rau_cu,Ngò rí,29000,29000,28000
2026-05-23,rau_cu,Ngò gai,12000,22000,20000
2026-05-23,thit,Thịt ba chỉ,190000,190000,190000
2026-05-23,thit,Sườn non,210000,210000,210000
2026-05-23,thit,Nạc thăn,180000,180000,180000
2026-05-23,thit,Thịt lợn xay,140000,140000,140000
2026-05-23,thit,Thịt nạc vai,180000,180000,180000
2026-05-23,thit,Thịt bò úc,260000,260000,260000
2026-05-23,thit,Gầu bò,240000,240000,240000
2026-05-23,thit,Thăn bò,315000,315000,315000
2026-05-23,thit,Thị bò xay,210000,210000,210000
2026-05-23,thit,Bắp bò loại 1,290000,290000,290000
2026-05-23,thit,Thịt gà,87500,87500,87500
2026-05-23,thit,Chân gà,105000,105000,105000
2026-05-23,thit,Đùi gà công nghiệp,77500,77500,77500
2026-05-23,thit,Gà ta nguyên con,120000,120000,120000
2026-05-23,thuy_hai_san,Cá tra,40500,41000,40000
2026-05-23,thuy_hai_san,Lươn,180000,0,165000
2026-05-23,thuy_hai_san,Cá lóc,41500,43500,42000
2026-05-23,thuy_hai_san,Cá diêu hồng,48500,52500,50000
2026-05-23,thuy_hai_san,Cá Rô phi,29000,30000,28000
2026-05-23,thuy_hai_san,Cá bống,180000,180000,180000
2026-05-23,thuy_hai_san,Cá kèo,125000,125000,125000
2026-05-23,thuy_hai_san,Cá thát lát,87500,87500,87500
2026-05-23,thuy_hai_san,Cá mú,525000,525000,525000
2026-05-23,thuy_hai_san,Cá nục,90000,90000,90000
2026-05-23,thuy_hai_san,Cá chim,162500,162500,162500
2026-05-23,thuy_hai_san,Tôm,135000,135000,135000
2026-05-23,thuy_hai_san,Mực,170000,170000,170000
2026-05-23,thuy_hai_san,Nghêu,27500,27500,27500
2026-05-23,thuy_hai_san,Tôm càng xanh,550000,550000,550000
2026-05-23,thuy_hai_san,Tôm thẻ,125000,125000,125000
2026-05-23,thuy_hai_san,Tôm hùm,1025000,1025000,1025000
2026-05-24,rau_cu,Bắp non,29000,30500,30000
2026-05-24,rau_cu,Bắp cải trắng,9000,10000,9000
2026-05-24,rau_cu,Bắp cải tím,18500,20000,18000
2026-05-24,rau_cu,Bí đỏ,9500,10000,9000
2026-05-24,rau_cu,Bí đao,9000,10000,10000
2026-05-24,rau_cu,Dưa leo,14000,15000,15000
2026-05-24,rau_cu,Khổ qua,14500,15500,14000
2026-05-24,rau_cu,Khoai tây,11000,12000,12000
2026-05-24,rau_cu,Cà rốt,12000,12500,11000
2026-05-24,rau_cu,Cà tím,9500,10000,10000
2026-05-24,rau_cu,Cải bó xôi,23000,24000,24000
2026-05-24,rau_cu,Cải ngọt,9000,10000,9000
2026-05-24,rau_cu,Cải thảo,13000,14500,14000
2026-05-24,rau_cu,Cải bẹ xanh,10000,5000,9000
2026-05-24,rau_cu,Cải thìa,14000,16000,15000
2026-05-24,rau_cu,Cần Tây,19000,20500,18000
2026-05-24,rau_cu,Rau muống,8000,9000,8000
2026-05-24,rau_cu,Rau má,11000,12000,10000
2026-05-24,rau_cu,Rau mồng tơi,11500,13500,12000
2026-05-24,rau_cu,Xà Lách gai,17000,18500,17000
2026-05-24,rau_cu,Xà lách xong,11000,12000,11000
2026-05-24,rau_cu,Su su,8500,8000,7000
2026-05-24,rau_cu,Nấm bào ngư,46500,47500,45000
2026-05-24,rau_cu,Nấm đùi gà,49000,51000,48000
2026-05-24,rau_cu,Nấm đông cô,105000,107500,100000
2026-05-24,rau_cu,Cà chua,22000,23000,24000
2026-05-24,rau_cu,Đậu Bắp,19000,20000,18000
2026-05-24,rau_cu,Hành lá,26000,27500,25000
2026-05-24,rau_cu,Hành tây,14500,16000,15000
2026-05-24,rau_cu,Gừng,35500,36500,35000
2026-05-24,rau_cu,Ớt,36500,36500,35000
2026-05-24,rau_cu,Tỏi,23000,24000,22000
2026-05-24,rau_cu,Ngò rí,29000,29000,28000
2026-05-24,rau_cu,Ngò gai,12000,22000,20000
2026-05-24,thit,Thịt ba chỉ,190000,190000,190000
2026-05-24,thit,Sườn non,210000,210000,210000
2026-05-24,thit,Nạc thăn,180000,180000,180000
2026-05-24,thit,Thịt lợn xay,140000,140000,140000
2026-05-24,thit,Thịt nạc vai,180000,180000,180000
2026-05-24,thit,Thịt bò úc,260000,260000,260000
2026-05-24,thit,Gầu bò,240000,240000,240000
2026-05-24,thit,Thăn bò,315000,315000,315000
2026-05-24,thit,Thị bò xay,210000,210000,210000
2026-05-24,thit,Bắp bò loại 1,290000,290000,290000
2026-05-24,thit,Thịt gà,87500,87500,87500
2026-05-24,thit,Chân gà,105000,105000,105000
2026-05-24,thit,Đùi gà công nghiệp,77500,77500,77500
2026-05-24,thit,Gà ta nguyên con,120000,120000,120000
2026-05-24,thuy_hai_san,Cá tra,40500,41000,40000
2026-05-24,thuy_hai_san,Lươn,180000,0,165000
2026-05-24,thuy_hai_san,Cá lóc,41500,43500,42000
2026-05-24,thuy_hai_san,Cá diêu hồng,48500,52500,50000
2026-05-24,thuy_hai_san,Cá Rô phi,29000,30000,28000
2026-05-24,thuy_hai_san,Cá bống,180000,180000,180000
2026-05-24,thuy_hai_san,Cá kèo,125000,125000,125000
2026-05-24,thuy_hai_san,Cá thát lát,87500,87500,87500
2026-05-24,thuy_hai_san,Cá mú,525000,525000,525000
2026-05-24,thuy_hai_san,Cá nục,90000,90000,90000
2026-05-24,thuy_hai_san,Cá chim,162500,162500,162500
2026-05-24,thuy_hai_san,Tôm,135000,135000,135000
2026-05-24,thuy_hai_san,Mực,170000,170000,170000
2026-05-24,thuy_hai_san,Nghêu,27500,27500,27500
2026-05-24,thuy_hai_san,Tôm càng xanh,550000,550000,550000
2026-05-24,thuy_hai_san,Tôm thẻ,125000,125000,125000
2026-05-24,thuy_hai_san,Tôm hùm,1025000,1025000,1025000
2026-05-25,rau_cu,Bắp non,29000,30500,30000
2026-05-25,rau_cu,Bắp cải trắng,9000,10000,9000
2026-05-25,rau_cu,Bắp cải tím,18500,20000,18000
2026-05-25,rau_cu,Bí đỏ,9500,10000,9000
2026-05-25,rau_cu,Bí đao,9000,10000,10000
2026-05-25,rau_cu,Dưa leo,14000,15000,15000
2026-05-25,rau_cu,Khổ qua,14500,15500,14000
2026-05-25,rau_cu,Khoai tây,11000,12000,12000
2026-05-25,rau_cu,Cà rốt,12000,12500,11000
2026-05-25,rau_cu,Cà tím,9500,10000,10000
2026-05-25,rau_cu,Cải bó xôi,23000,24000,24000
2026-05-25,rau_cu,Cải ngọt,9000,10000,9000
2026-05-25,rau_cu,Cải thảo,13000,14500,14000
2026-05-25,rau_cu,Cải bẹ xanh,10000,5000,9000
2026-05-25,rau_cu,Cải thìa,14000,16000,15000
2026-05-25,rau_cu,Cần Tây,19000,20500,18000
2026-05-25,rau_cu,Rau muống,8000,9000,8000
2026-05-25,rau_cu,Rau má,11000,12000,10000
2026-05-25,rau_cu,Rau mồng tơi,11500,13500,12000
2026-05-25,rau_cu,Xà Lách gai,17000,18500,17000
2026-05-25,rau_cu,Xà lách xong,11000,12000,11000
2026-05-25,rau_cu,Su su,8500,8000,7000
2026-05-25,rau_cu,Nấm bào ngư,46500,47500,45000
2026-05-25,rau_cu,Nấm đùi gà,49000,51000,48000
2026-05-25,rau_cu,Nấm đông cô,105000,107500,100000
2026-05-25,rau_cu,Cà chua,22000,23000,24000
2026-05-25,rau_cu,Đậu Bắp,19000,20000,18000
2026-05-25,rau_cu,Hành lá,26000,27500,25000
2026-05-25,rau_cu,Hành tây,14500,16000,15000
2026-05-25,rau_cu,Gừng,35500,36500,35000
2026-05-25,rau_cu,Ớt,36500,36500,35000
2026-05-25,rau_cu,Tỏi,23000,24000,22000
2026-05-25,rau_cu,Ngò rí,29000,29000,28000
2026-05-25,rau_cu,Ngò gai,12000,22000,20000
2026-05-25,thit,Thịt ba chỉ,190000,190000,190000
2026-05-25,thit,Sườn non,210000,210000,210000
2026-05-25,thit,Nạc thăn,180000,180000,180000
2026-05-25,thit,Thịt lợn xay,140000,140000,140000
2026-05-25,thit,Thịt nạc vai,180000,180000,180000
2026-05-25,thit,Thịt bò úc,260000,260000,260000
2026-05-25,thit,Gầu bò,240000,240000,240000
2026-05-25,thit,Thăn bò,315000,315000,315000
2026-05-25,thit,Thị bò xay,210000,210000,210000
2026-05-25,thit,Bắp bò loại 1,290000,290000,290000
2026-05-25,thit,Thịt gà,87500,87500,87500
2026-05-25,thit,Chân gà,105000,105000,105000
2026-05-25,thit,Đùi gà công nghiệp,77500,77500,77500
2026-05-25,thit,Gà ta nguyên con,120000,120000,120000
2026-05-25,thuy_hai_san,Cá tra,40500,41000,40000
2026-05-25,thuy_hai_san,Lươn,180000,0,165000
2026-05-25,thuy_hai_san,Cá lóc,41500,43500,42000
2026-05-25,thuy_hai_san,Cá diêu hồng,48500,52500,50000
2026-05-25,thuy_hai_san,Cá Rô phi,29000,30000,28000
2026-05-25,thuy_hai_san,Cá bống,180000,180000,180000
2026-05-25,thuy_hai_san,Cá kèo,125000,125000,125000
2026-05-25,thuy_hai_san,Cá thát lát,87500,87500,87500
2026-05-25,thuy_hai_san,Cá mú,525000,525000,525000
2026-05-25,thuy_hai_san,Cá nục,90000,90000,90000
2026-05-25,thuy_hai_san,Cá chim,162500,162500,162500
2026-05-25,thuy_hai_san,Tôm,135000,135000,135000
2026-05-25,thuy_hai_san,Mực,170000,170000,170000
2026-05-25,thuy_hai_san,Nghêu,27500,27500,27500
2026-05-25,thuy_hai_san,Tôm càng xanh,550000,550000,550000
2026-05-25,thuy_hai_san,Tôm thẻ,125000,125000,125000
2026-05-25,thuy_hai_san,Tôm hùm,1025000,1025000,1025000
2026-05-26,rau_cu,Bắp non,29000,30500,30000
2026-05-26,rau_cu,Bắp cải trắng,9000,10000,9000
2026-05-26,rau_cu,Bắp cải tím,18500,20000,18000
2026-05-26,rau_cu,Bí đỏ,9500,10000,9000
2026-05-26,rau_cu,Bí đao,9000,10000,10000
2026-05-26,rau_cu,Dưa leo,14000,15000,15000
2026-05-26,rau_cu,Khổ qua,14500,15500,14000
2026-05-26,rau_cu,Khoai tây,11000,12000,12000
2026-05-26,rau_cu,Cà rốt,12000,12500,11000
2026-05-26,rau_cu,Cà tím,9500,10000,10000
2026-05-26,rau_cu,Cải bó xôi,23000,24000,24000
2026-05-26,rau_cu,Cải ngọt,9000,10000,9000
2026-05-26,rau_cu,Cải thảo,13000,14500,14000
2026-05-26,rau_cu,Cải bẹ xanh,10000,5000,9000
2026-05-26,rau_cu,Cải thìa,14000,16000,15000
2026-05-26,rau_cu,Cần Tây,19000,20500,18000
2026-05-26,rau_cu,Rau muống,8000,9000,8000
2026-05-26,rau_cu,Rau má,11000,12000,10000
2026-05-26,rau_cu,Rau mồng tơi,11500,13500,12000
2026-05-26,rau_cu,Xà Lách gai,17000,18500,17000
2026-05-26,rau_cu,Xà lách xong,11000,12000,11000
2026-05-26,rau_cu,Su su,8500,8000,7000
2026-05-26,rau_cu,Nấm bào ngư,46500,47500,45000
2026-05-26,rau_cu,Nấm đùi gà,49000,51000,48000
2026-05-26,rau_cu,Nấm đông cô,105000,107500,100000
2026-05-26,rau_cu,Cà chua,22000,23000,24000
2026-05-26,rau_cu,Đậu Bắp,19000,20000,18000
2026-05-26,rau_cu,Hành lá,26000,27500,25000
2026-05-26,rau_cu,Hành tây,14500,16000,15000
2026-05-26,rau_cu,Gừng,35500,36500,35000
2026-05-26,rau_cu,Ớt,36500,36500,35000
2026-05-26,rau_cu,Tỏi,23000,24000,22000
2026-05-26,rau_cu,Ngò rí,29000,29000,28000
2026-05-26,rau_cu,Ngò gai,12000,22000,20000
2026-05-26,thit,Thịt ba chỉ,190000,190000,190000
2026-05-26,thit,Sườn non,210000,210000,210000
2026-05-26,thit,Nạc thăn,180000,180000,180000
2026-05-26,thit,Thịt lợn xay,140000,140000,140000
2026-05-26,thit,Thịt nạc vai,180000,180000,180000
2026-05-26,thit,Thịt bò úc,260000,260000,260000
2026-05-26,thit,Gầu bò,240000,240000,240000
2026-05-26,thit,Thăn bò,315000,315000,315000
2026-05-26,thit,Thị bò xay,210000,210000,210000
2026-05-26,thit,Bắp bò loại 1,290000,290000,290000
2026-05-26,thit,Thịt gà,87500,87500,87500
2026-05-26,thit,Chân gà,105000,105000,105000
2026-05-26,thit,Đùi gà công nghiệp,77500,77500,77500
2026-05-26,thit,Gà ta nguyên con,120000,120000,120000
2026-05-26,thuy_hai_san,Cá tra,40500,41000,40000
2026-05-26,thuy_hai_san,Lươn,180000,0,165000
2026-05-26,thuy_hai_san,Cá lóc,41500,43500,42000
2026-05-26,thuy_hai_san,Cá diêu hồng,48500,52500,50000
2026-05-26,thuy_hai_san,Cá Rô phi,29000,30000,28000
2026-05-26,thuy_hai_san,Cá bống,180000,180000,180000
2026-05-26,thuy_hai_san,Cá kèo,125000,125000,125000
2026-05-26,thuy_hai_san,Cá thát lát,87500,87500,87500
2026-05-26,thuy_hai_san,Cá mú,525000,525000,525000
2026-05-26,thuy_hai_san,Cá nục,90000,90000,90000
2026-05-26,thuy_hai_san,Cá chim,162500,162500,162500
2026-05-26,thuy_hai_san,Tôm,135000,135000,135000
2026-05-26,thuy_hai_san,Mực,170000,170000,170000
2026-05-26,thuy_hai_san,Nghêu,27500,27500,27500
2026-05-26,thuy_hai_san,Tôm càng xanh,550000,550000,550000
2026-05-26,thuy_hai_san,Tôm thẻ,125000,125000,125000
2026-05-26,thuy_hai_san,Tôm hùm,1025000,1025000,1025000
2026-05-27,rau_cu,Bắp non,29000,30500,30000
2026-05-27,rau_cu,Bắp cải trắng,9000,10000,9000
2026-05-27,rau_cu,Bắp cải tím,18500,20000,18000
2026-05-27,rau_cu,Bí đỏ,9500,10000,9000
2026-05-27,rau_cu,Bí đao,9000,10000,10000
2026-05-27,rau_cu,Dưa leo,14000,15000,15000
2026-05-27,rau_cu,Khổ qua,14500,15500,14000
2026-05-27,rau_cu,Khoai tây,11000,12000,12000
2026-05-27,rau_cu,Cà rốt,12000,12500,11000
2026-05-27,rau_cu,Cà tím,9500,10000,10000
2026-05-27,rau_cu,Cải bó xôi,23000,24000,24000
2026-05-27,rau_cu,Cải ngọt,9000,10000,9000
2026-05-27,rau_cu,Cải thảo,13000,14500,14000
2026-05-27,rau_cu,Cải bẹ xanh,10000,5000,9000
2026-05-27,rau_cu,Cải thìa,14000,16000,15000
2026-05-27,rau_cu,Cần Tây,19000,20500,18000
2026-05-27,rau_cu,Rau muống,8000,9000,8000
2026-05-27,rau_cu,Rau má,11000,12000,10000
2026-05-27,rau_cu,Rau mồng tơi,11500,13500,12000
2026-05-27,rau_cu,Xà Lách gai,17000,18500,17000
2026-05-27,rau_cu,Xà lách xong,11000,12000,11000
2026-05-27,rau_cu,Su su,8500,8000,7000
2026-05-27,rau_cu,Nấm bào ngư,46500,47500,45000
2026-05-27,rau_cu,Nấm đùi gà,49000,51000,48000
2026-05-27,rau_cu,Nấm đông cô,105000,107500,100000
2026-05-27,rau_cu,Cà chua,22000,23000,24000
2026-05-27,rau_cu,Đậu Bắp,19000,20000,18000
2026-05-27,rau_cu,Hành lá,26000,27500,25000
2026-05-27,rau_cu,Hành tây,14500,16000,15000
2026-05-27,rau_cu,Gừng,35500,36500,35000
2026-05-27,rau_cu,Ớt,36500,36500,35000
2026-05-27,rau_cu,Tỏi,23000,24000,22000
2026-05-27,rau_cu,Ngò rí,29000,29000,28000
2026-05-27,rau_cu,Ngò gai,12000,22000,20000
2026-05-27,thit,Thịt ba chỉ,190000,190000,190000
2026-05-27,thit,Sườn non,210000,210000,210000
2026-05-27,thit,Nạc thăn,180000,180000,180000
2026-05-27,thit,Thịt lợn xay,140000,140000,140000
2026-05-27,thit,Thịt nạc vai,180000,180000,180000
2026-05-27,thit,Thịt bò úc,260000,260000,260000
2026-05-27,thit,Gầu bò,240000,240000,240000
2026-05-27,thit,Thăn bò,315000,315000,315000
2026-05-27,thit,Thị bò xay,210000,210000,210000
2026-05-27,thit,Bắp bò loại 1,290000,290000,290000
2026-05-27,thit,Thịt gà,87500,87500,87500
2026-05-27,thit,Chân gà,105000,105000,105000
2026-05-27,thit,Đùi gà công nghiệp,77500,77500,77500
2026-05-27,thit,Gà ta nguyên con,120000,120000,120000
2026-05-27,thuy_hai_san,Cá tra,40500,41000,40000
2026-05-27,thuy_hai_san,Lươn,180000,0,165000
2026-05-27,thuy_hai_san,Cá lóc,41500,43500,42000
2026-05-27,thuy_hai_san,Cá diêu hồng,48500,52500,50000
2026-05-27,thuy_hai_san,Cá Rô phi,29000,30000,28000
2026-05-27,thuy_hai_san,Cá bống,180000,180000,180000
2026-05-27,thuy_hai_san,Cá kèo,125000,125000,125000
2026-05-27,thuy_hai_san,Cá thát lát,87500,87500,87500
2026-05-27,thuy_hai_san,Cá mú,525000,525000,525000
2026-05-27,thuy_hai_san,Cá nục,90000,90000,90000
2026-05-27,thuy_hai_san,Cá chim,162500,162500,162500
2026-05-27,thuy_hai_san,Tôm,135000,135000,135000
2026-05-27,thuy_hai_san,Mực,170000,170000,170000
2026-05-27,thuy_hai_san,Nghêu,27500,27500,27500
2026-05-27,thuy_hai_san,Tôm càng xanh,550000,550000,550000
2026-05-27,thuy_hai_san,Tôm thẻ,125000,125000,125000
2026-05-27,thuy_hai_san,Tôm hùm,1025000,1025000,1025000
2026-05-28,rau_cu,Bắp non,29000,30500,30000
2026-05-28,rau_cu,Bắp cải trắng,9000,10000,9000
2026-05-28,rau_cu,Bắp cải tím,18500,20000,18000
2026-05-28,rau_cu,Bí đỏ,9500,10000,9000
2026-05-28,rau_cu,Bí đao,9000,10000,10000
2026-05-28,rau_cu,Dưa leo,14000,15000,15000
2026-05-28,rau_cu,Khổ qua,14500,15500,14000
2026-05-28,rau_cu,Khoai tây,11000,12000,12000
2026-05-28,rau_cu,Cà rốt,12000,12500,11000
2026-05-28,rau_cu,Cà tím,9500,10000,10000
2026-05-28,rau_cu,Cải bó xôi,23000,24000,24000
2026-05-28,rau_cu,Cải ngọt,9000,10000,9000
2026-05-28,rau_cu,Cải thảo,13000,14500,14000
2026-05-28,rau_cu,Cải bẹ xanh,10000,5000,9000
2026-05-28,rau_cu,Cải thìa,14000,16000,15000
2026-05-28,rau_cu,Cần Tây,19000,20500,18000
2026-05-28,rau_cu,Rau muống,8000,9000,8000
2026-05-28,rau_cu,Rau má,11000,12000,10000
2026-05-28,rau_cu,Rau mồng tơi,11500,13500,12000
2026-05-28,rau_cu,Xà Lách gai,17000,18500,17000
2026-05-28,rau_cu,Xà lách xong,11000,12000,11000
2026-05-28,rau_cu,Su su,8500,8000,7000
2026-05-28,rau_cu,Nấm bào ngư,46500,47500,45000
2026-05-28,rau_cu,Nấm đùi gà,49000,51000,48000
2026-05-28,rau_cu,Nấm đông cô,105000,107500,100000
2026-05-28,rau_cu,Cà chua,22000,23000,24000
2026-05-28,rau_cu,Đậu Bắp,19000,20000,18000
2026-05-28,rau_cu,Hành lá,26000,27500,25000
2026-05-28,rau_cu,Hành tây,14500,16000,15000
2026-05-28,rau_cu,Gừng,35500,36500,35000
2026-05-28,rau_cu,Ớt,36500,36500,35000
2026-05-28,rau_cu,Tỏi,23000,24000,22000
2026-05-28,rau_cu,Ngò rí,29000,29000,28000
2026-05-28,rau_cu,Ngò gai,12000,22000,20000
2026-05-28,thit,Thịt ba chỉ,190000,190000,190000
2026-05-28,thit,Sườn non,210000,210000,210000
2026-05-28,thit,Nạc thăn,180000,180000,180000
2026-05-28,thit,Thịt lợn xay,140000,140000,140000
2026-05-28,thit,Thịt nạc vai,180000,180000,180000
2026-05-28,thit,Thịt bò úc,260000,260000,260000
2026-05-28,thit,Gầu bò,240000,240000,240000
2026-05-28,thit,Thăn bò,315000,315000,315000
2026-05-28,thit,Thị bò xay,210000,210000,210000
2026-05-28,thit,Bắp bò loại 1,290000,290000,290000
2026-05-28,thit,Thịt gà,87500,87500,87500
2026-05-28,thit,Chân gà,105000,105000,105000
2026-05-28,thit,Đùi gà công nghiệp,77500,77500,77500
2026-05-28,thit,Gà ta nguyên con,120000,120000,120000
2026-05-28,thuy_hai_san,Cá tra,40500,41000,40000
2026-05-28,thuy_hai_san,Lươn,180000,0,165000
2026-05-28,thuy_hai_san,Cá lóc,41500,43500,42000
2026-05-28,thuy_hai_san,Cá diêu hồng,48500,52500,50000
2026-05-28,thuy_hai_san,Cá Rô phi,29000,30000,28000
2026-05-28,thuy_hai_san,Cá bống,180000,180000,180000
2026-05-28,thuy_hai_san,Cá kèo,125000,125000,125000
2026-05-28,thuy_hai_san,Cá thát lát,87500,87500,87500
2026-05-28,thuy_hai_san,Cá mú,525000,525000,525000
2026-05-28,thuy_hai_san,Cá nục,90000,90000,90000
2026-05-28,thuy_hai_san,Cá chim,162500,162500,162500
2026-05-28,thuy_hai_san,Tôm,135000,135000,135000
2026-05-28,thuy_hai_san,Mực,170000,170000,170000
2026-05-28,thuy_hai_san,Nghêu,27500,27500,27500
2026-05-28,thuy_hai_san,Tôm càng xanh,550000,550000,550000
2026-05-28,thuy_hai_san,Tôm thẻ,125000,125000,125000
2026-05-28,thuy_hai_san,Tôm hùm,1025000,1025000,1025000
2026-05-29,rau_cu,Bắp non,29000,30500,30000
2026-05-29,rau_cu,Bắp cải trắng,9000,10000,9000
2026-05-29,rau_cu,Bắp cải tím,18500,20000,18000
2026-05-29,rau_cu,Bí đỏ,9500,10000,9000
2026-05-29,rau_cu,Bí đao,9000,10000,10000
2026-05-29,rau_cu,Dưa leo,14000,15000,15000
2026-05-29,rau_cu,Khổ qua,14500,15500,14000
2026-05-29,rau_cu,Khoai tây,11000,12000,12000
2026-05-29,rau_cu,Cà rốt,12000,12500,11000
2026-05-29,rau_cu,Cà tím,9500,10000,10000
2026-05-29,rau_cu,Cải bó xôi,23000,24000,24000
2026-05-29,rau_cu,Cải ngọt,9000,10000,9000
2026-05-29,rau_cu,Cải thảo,13000,14500,14000
2026-05-29,rau_cu,Cải bẹ xanh,10000,5000,9000
2026-05-29,rau_cu,Cải thìa,14000,16000,15000
2026-05-29,rau_cu,Cần Tây,19000,20500,18000
2026-05-29,rau_cu,Rau muống,8000,9000,8000
2026-05-29,rau_cu,Rau má,11000,12000,10000
2026-05-29,rau_cu,Rau mồng tơi,11500,13500,12000
2026-05-29,rau_cu,Xà Lách gai,17000,18500,17000
2026-05-29,rau_cu,Xà lách xong,11000,12000,11000
2026-05-29,rau_cu,Su su,8500,8000,7000
2026-05-29,rau_cu,Nấm bào ngư,46500,47500,45000
2026-05-29,rau_cu,Nấm đùi gà,49000,51000,48000
2026-05-29,rau_cu,Nấm đông cô,105000,107500,100000
2026-05-29,rau_cu,Cà chua,22000,23000,24000
2026-05-29,rau_cu,Đậu Bắp,19000,20000,18000
2026-05-29,rau_cu,Hành lá,26000,27500,25000
2026-05-29,rau_cu,Hành tây,14500,16000,15000
2026-05-29,rau_cu,Gừng,35500,36500,35000
2026-05-29,rau_cu,Ớt,36500,36500,35000
2026-05-29,rau_cu,Tỏi,23000,24000,22000
2026-05-29,rau_cu,Ngò rí,29000,29000,28000
2026-05-29,rau_cu,Ngò gai,12000,22000,20000
2026-05-29,thit,Thịt ba chỉ,190000,190000,190000
2026-05-29,thit,Sườn non,210000,210000,210000
2026-05-29,thit,Nạc thăn,180000,180000,180000
2026-05-29,thit,Thịt lợn xay,140000,140000,140000
2026-05-29,thit,Thịt nạc vai,180000,180000,180000
2026-05-29,thit,Thịt bò úc,260000,260000,260000
2026-05-29,thit,Gầu bò,240000,240000,240000
2026-05-29,thit,Thăn bò,315000,315000,315000
2026-05-29,thit,Thị bò xay,210000,210000,210000
2026-05-29,thit,Bắp bò loại 1,290000,290000,290000
2026-05-29,thit,Thịt gà,87500,87500,87500
2026-05-29,thit,Chân gà,105000,105000,105000
2026-05-29,thit,Đùi gà công nghiệp,77500,77500,77500
2026-05-29,thit,Gà ta nguyên con,120000,120000,120000
2026-05-29,thuy_hai_san,Cá tra,40500,41000,40000
2026-05-29,thuy_hai_san,Lươn,180000,0,165000
2026-05-29,thuy_hai_san,Cá lóc,41500,43500,42000
2026-05-29,thuy_hai_san,Cá diêu hồng,48500,52500,50000
2026-05-29,thuy_hai_san,Cá Rô phi,29000,30000,28000
2026-05-29,thuy_hai_san,Cá bống,180000,180000,180000
2026-05-29,thuy_hai_san,Cá kèo,125000,125000,125000
2026-05-29,thuy_hai_san,Cá thát lát,87500,87500,87500
2026-05-29,thuy_hai_san,Cá mú,525000,525000,525000
2026-05-29,thuy_hai_san,Cá nục,90000,90000,90000
2026-05-29,thuy_hai_san,Cá chim,162500,162500,162500
2026-05-29,thuy_hai_san,Tôm,135000,135000,135000
2026-05-29,thuy_hai_san,Mực,170000,170000,170000
2026-05-29,thuy_hai_san,Nghêu,27500,27500,27500
2026-05-29,thuy_hai_san,Tôm càng xanh,550000,550000,550000
2026-05-29,thuy_hai_san,Tôm thẻ,125000,125000,125000
2026-05-29,thuy_hai_san,Tôm hùm,1025000,1025000,1025000
2026-05-30,rau_cu,Bắp non,29000,30500,30000
2026-05-30,rau_cu,Bắp cải trắng,9000,10000,9000
2026-05-30,rau_cu,Bắp cải tím,18500,20000,18000
2026-05-30,rau_cu,Bí đỏ,9500,10000,9000
2026-05-30,rau_cu,Bí đao,9000,10000,10000
2026-05-30,rau_cu,Dưa leo,14000,15000,15000
2026-05-30,rau_cu,Khổ qua,14500,15500,14000
2026-05-30,rau_cu,Khoai tây,11000,12000,12000
2026-05-30,rau_cu,Cà rốt,12000,12500,11000
2026-05-30,rau_cu,Cà tím,9500,10000,10000
2026-05-30,rau_cu,Cải bó xôi,23000,24000,24000
2026-05-30,rau_cu,Cải ngọt,9000,10000,9000
2026-05-30,rau_cu,Cải thảo,13000,14500,14000
2026-05-30,rau_cu,Cải bẹ xanh,10000,5000,9000
2026-05-30,rau_cu,Cải thìa,14000,16000,15000
2026-05-30,rau_cu,Cần Tây,19000,20500,18000
2026-05-30,rau_cu,Rau muống,8000,9000,8000
2026-05-30,rau_cu,Rau má,11000,12000,10000
2026-05-30,rau_cu,Rau mồng tơi,11500,13500,12000
2026-05-30,rau_cu,Xà Lách gai,17000,18500,17000
2026-05-30,rau_cu,Xà lách xong,11000,12000,11000
2026-05-30,rau_cu,Su su,8500,8000,7000
2026-05-30,rau_cu,Nấm bào ngư,46500,47500,45000
2026-05-30,rau_cu,Nấm đùi gà,49000,51000,48000
2026-05-30,rau_cu,Nấm đông cô,105000,107500,100000
2026-05-30,rau_cu,Cà chua,22000,23000,24000
2026-05-30,rau_cu,Đậu Bắp,19000,20000,18000
2026-05-30,rau_cu,Hành lá,26000,27500,25000
2026-05-30,rau_cu,Hành tây,14500,16000,15000
2026-05-30,rau_cu,Gừng,35500,36500,35000
2026-05-30,rau_cu,Ớt,36500,36500,35000
2026-05-30,rau_cu,Tỏi,23000,24000,22000
2026-05-30,rau_cu,Ngò rí,29000,29000,28000
2026-05-30,rau_cu,Ngò gai,12000,22000,20000
2026-05-30,thit,Thịt ba chỉ,190000,190000,190000
2026-05-30,thit,Sườn non,210000,210000,210000
2026-05-30,thit,Nạc thăn,180000,180000,180000
2026-05-30,thit,Thịt lợn xay,140000,140000,140000
2026-05-30,thit,Thịt nạc vai,180000,180000,180000
2026-05-30,thit,Thịt bò úc,260000,260000,260000
2026-05-30,thit,Gầu bò,240000,240000,240000
2026-05-30,thit,Thăn bò,315000,315000,315000
2026-05-30,thit,Thị bò xay,210000,210000,210000
2026-05-30,thit,Bắp bò loại 1,290000,290000,290000
2026-05-30,thit,Thịt gà,87500,87500,87500
2026-05-30,thit,Chân gà,105000,105000,105000
2026-05-30,thit,Đùi gà công nghiệp,77500,77500,77500
2026-05-30,thit,Gà ta nguyên con,120000,120000,120000
2026-05-30,thuy_hai_san,Cá tra,40500,41000,40000
2026-05-30,thuy_hai_san,Lươn,180000,0,165000
2026-05-30,thuy_hai_san,Cá lóc,41500,43500,42000
2026-05-30,thuy_hai_san,Cá diêu hồng,48500,52500,50000
2026-05-30,thuy_hai_san,Cá Rô phi,29000,30000,28000
2026-05-30,thuy_hai_san,Cá bống,180000,180000,180000
2026-05-30,thuy_hai_san,Cá kèo,125000,125000,125000
2026-05-30,thuy_hai_san,Cá thát lát,87500,87500,87500
2026-05-30,thuy_hai_san,Cá mú,525000,525000,525000
2026-05-30,thuy_hai_san,Cá nục,90000,90000,90000
2026-05-30,thuy_hai_san,Cá chim,162500,162500,162500
2026-05-30,thuy_hai_san,Tôm,135000,135000,135000
2026-05-30,thuy_hai_san,Mực,170000,170000,170000
2026-05-30,thuy_hai_san,Nghêu,27500,27500,27500
2026-05-30,thuy_hai_san,Tôm càng xanh,550000,550000,550000
2026-05-30,thuy_hai_san,Tôm thẻ,125000,125000,125000
2026-05-30,thuy_hai_san,Tôm hùm,1025000,1025000,1025000
2026-05-31,rau_cu,Bắp non,29000,30500,30000
2026-05-31,rau_cu,Bắp cải trắng,9000,10000,9000
2026-05-31,rau_cu,Bắp cải tím,18500,20000,18000
2026-05-31,rau_cu,Bí đỏ,9500,10000,9000
2026-05-31,rau_cu,Bí đao,9000,10000,10000
2026-05-31,rau_cu,Dưa leo,14000,15000,15000
2026-05-31,rau_cu,Khổ qua,14500,15500,14000
2026-05-31,rau_cu,Khoai tây,11000,12000,12000
2026-05-31,rau_cu,Cà rốt,12000,12500,11000
2026-05-31,rau_cu,Cà tím,9500,10000,10000
2026-05-31,rau_cu,Cải bó xôi,23000,24000,24000
2026-05-31,rau_cu,Cải ngọt,9000,10000,9000
2026-05-31,rau_cu,Cải thảo,13000,14500,14000
2026-05-31,rau_cu,Cải bẹ xanh,10000,5000,9000
2026-05-31,rau_cu,Cải thìa,14000,16000,15000
2026-05-31,rau_cu,Cần Tây,19000,20500,18000
2026-05-31,rau_cu,Rau muống,8000,9000,8000
2026-05-31,rau_cu,Rau má,11000,12000,10000
2026-05-31,rau_cu,Rau mồng tơi,11500,13500,12000
2026-05-31,rau_cu,Xà Lách gai,17000,18500,17000
2026-05-31,rau_cu,Xà lách xong,11000,12000,11000
2026-05-31,rau_cu,Su su,8500,8000,7000
2026-05-31,rau_cu,Nấm bào ngư,46500,47500,45000
2026-05-31,rau_cu,Nấm đùi gà,49000,51000,48000
2026-05-31,rau_cu,Nấm đông cô,105000,107500,100000
2026-05-31,rau_cu,Cà chua,22000,23000,24000
2026-05-31,rau_cu,Đậu Bắp,19000,20000,18000
2026-05-31,rau_cu,Hành lá,26000,27500,25000
2026-05-31,rau_cu,Hành tây,14500,16000,15000
2026-05-31,rau_cu,Gừng,35500,36500,35000
2026-05-31,rau_cu,Ớt,36500,36500,35000
2026-05-31,rau_cu,Tỏi,23000,24000,22000
2026-05-31,rau_cu,Ngò rí,29000,29000,28000
2026-05-31,rau_cu,Ngò gai,12000,22000,20000
2026-05-31,thit,Thịt ba chỉ,190000,190000,190000
2026-05-31,thit,Sườn non,210000,210000,210000
2026-05-31,thit,Nạc thăn,180000,180000,180000
2026-05-31,thit,Thịt lợn xay,140000,140000,140000
2026-05-31,thit,Thịt nạc vai,180000,180000,180000
2026-05-31,thit,Thịt bò úc,260000,260000,260000
2026-05-31,thit,Gầu bò,240000,240000,240000
2026-05-31,thit,Thăn bò,315000,315000,315000
2026-05-31,thit,Thị bò xay,210000,210000,210000
2026-05-31,thit,Bắp bò loại 1,290000,290000,290000
2026-05-31,thit,Thịt gà,87500,87500,87500
2026-05-31,thit,Chân gà,105000,105000,105000
2026-05-31,thit,Đùi gà công nghiệp,77500,77500,77500
2026-05-31,thit,Gà ta nguyên con,120000,120000,120000
2026-05-31,thuy_hai_san,Cá tra,40500,41000,40000
2026-05-31,thuy_hai_san,Lươn,180000,0,165000
2026-05-31,thuy_hai_san,Cá lóc,41500,43500,42000
2026-05-31,thuy_hai_san,Cá diêu hồng,48500,52500,50000
2026-05-31,thuy_hai_san,Cá Rô phi,29000,30000,28000
2026-05-31,thuy_hai_san,Cá bống,180000,180000,180000
2026-05-31,thuy_hai_san,Cá kèo,125000,125000,125000
2026-05-31,thuy_hai_san,Cá thát lát,87500,87500,87500
2026-05-31,thuy_hai_san,Cá mú,525000,525000,525000
2026-05-31,thuy_hai_san,Cá nục,90000,90000,90000
2026-05-31,thuy_hai_san,Cá chim,162500,162500,162500
2026-05-31,thuy_hai_san,Tôm,135000,135000,135000
2026-05-31,thuy_hai_san,Mực,170000,170000,170000
2026-05-31,thuy_hai_san,Nghêu,27500,27500,27500
2026-05-31,thuy_hai_san,Tôm càng xanh,550000,550000,550000
2026-05-31,thuy_hai_san,Tôm thẻ,125000,125000,125000
2026-05-31,thuy_hai_san,Tôm hùm,1025000,1025000,1025000
2026-06-01,rau_cu,Bắp non,29000,30500,30000
2026-06-01,rau_cu,Bắp cải trắng,9000,10000,9000
2026-06-01,rau_cu,Bắp cải tím,18500,20000,18000
2026-06-01,rau_cu,Bí đỏ,9500,10000,9000
2026-06-01,rau_cu,Bí đao,9000,10000,10000
2026-06-01,rau_cu,Dưa leo,14000,15000,15000
2026-06-01,rau_cu,Khổ qua,14500,15500,14000
2026-06-01,rau_cu,Khoai tây,11000,12000,12000
2026-06-01,rau_cu,Cà rốt,12000,12500,11000
2026-06-01,rau_cu,Cà tím,9500,10000,10000
2026-06-01,rau_cu,Cải bó xôi,23000,24000,24000
2026-06-01,rau_cu,Cải ngọt,9000,10000,9000
2026-06-01,rau_cu,Cải thảo,13000,14500,14000
2026-06-01,rau_cu,Cải bẹ xanh,10000,5000,9000
2026-06-01,rau_cu,Cải thìa,14000,16000,15000
2026-06-01,rau_cu,Cần Tây,19000,20500,18000
2026-06-01,rau_cu,Rau muống,8000,9000,8000
2026-06-01,rau_cu,Rau má,11000,12000,10000
2026-06-01,rau_cu,Rau mồng tơi,11500,13500,12000
2026-06-01,rau_cu,Xà Lách gai,17000,18500,17000
2026-06-01,rau_cu,Xà lách xong,11000,12000,11000
2026-06-01,rau_cu,Su su,8500,8000,7000
2026-06-01,rau_cu,Nấm bào ngư,46500,47500,45000
2026-06-01,rau_cu,Nấm đùi gà,49000,51000,48000
2026-06-01,rau_cu,Nấm đông cô,105000,107500,100000
2026-06-01,rau_cu,Cà chua,22000,23000,24000
2026-06-01,rau_cu,Đậu Bắp,19000,20000,18000
2026-06-01,rau_cu,Hành lá,26000,27500,25000
2026-06-01,rau_cu,Hành tây,14500,16000,15000
2026-06-01,rau_cu,Gừng,35500,36500,35000
2026-06-01,rau_cu,Ớt,36500,36500,35000
2026-06-01,rau_cu,Tỏi,23000,24000,22000
2026-06-01,rau_cu,Ngò rí,29000,29000,28000
2026-06-01,rau_cu,Ngò gai,12000,22000,20000
2026-06-01,thit,Thịt ba chỉ,190000,190000,190000
2026-06-01,thit,Sườn non,210000,210000,210000
2026-06-01,thit,Nạc thăn,180000,180000,180000
2026-06-01,thit,Thịt lợn xay,140000,140000,140000
2026-06-01,thit,Thịt nạc vai,180000,180000,180000
2026-06-01,thit,Thịt bò úc,260000,260000,260000
2026-06-01,thit,Gầu bò,240000,240000,240000
2026-06-01,thit,Thăn bò,315000,315000,315000
2026-06-01,thit,Thị bò xay,210000,210000,210000
2026-06-01,thit,Bắp bò loại 1,290000,290000,290000
2026-06-01,thit,Thịt gà,87500,87500,87500
2026-06-01,thit,Chân gà,105000,105000,105000
2026-06-01,thit,Đùi gà công nghiệp,77500,77500,77500
2026-06-01,thit,Gà ta nguyên con,120000,120000,120000
2026-06-01,thuy_hai_san,Cá tra,40500,41000,40000
2026-06-01,thuy_hai_san,Lươn,180000,0,165000
2026-06-01,thuy_hai_san,Cá lóc,41500,43500,42000
2026-06-01,thuy_hai_san,Cá diêu hồng,48500,52500,50000
2026-06-01,thuy_hai_san,Cá Rô phi,29000,30000,28000
2026-06-01,thuy_hai_san,Cá bống,180000,180000,180000
2026-06-01,thuy_hai_san,Cá kèo,125000,125000,125000
2026-06-01,thuy_hai_san,Cá thát lát,87500,87500,87500
2026-06-01,thuy_hai_san,Cá mú,525000,525000,525000
2026-06-01,thuy_hai_san,Cá nục,90000,90000,90000
2026-06-01,thuy_hai_san,Cá chim,162500,162500,162500
2026-06-01,thuy_hai_san,Tôm,135000,135000,135000
2026-06-01,thuy_hai_san,Mực,170000,170000,170000
2026-06-01,thuy_hai_san,Nghêu,27500,27500,27500
2026-06-01,thuy_hai_san,Tôm càng xanh,550000,550000,550000
2026-06-01,thuy_hai_san,Tôm thẻ,125000,125000,125000
2026-06-01,thuy_hai_san,Tôm hùm,1025000,1025000,1025000
2026-06-02,rau_cu,Bắp non,29000,30500,30000
2026-06-02,rau_cu,Bắp cải trắng,9000,10000,9000
2026-06-02,rau_cu,Bắp cải tím,18500,20000,18000
2026-06-02,rau_cu,Bí đỏ,9500,10000,9000
2026-06-02,rau_cu,Bí đao,9000,10000,10000
2026-06-02,rau_cu,Dưa leo,14000,15000,15000
2026-06-02,rau_cu,Khổ qua,14500,15500,14000
2026-06-02,rau_cu,Khoai tây,11000,12000,12000
2026-06-02,rau_cu,Cà rốt,12000,12500,11000
2026-06-02,rau_cu,Cà tím,9500,10000,10000
2026-06-02,rau_cu,Cải bó xôi,23000,24000,24000
2026-06-02,rau_cu,Cải ngọt,9000,10000,9000
2026-06-02,rau_cu,Cải thảo,13000,14500,14000
2026-06-02,rau_cu,Cải bẹ xanh,10000,5000,9000
2026-06-02,rau_cu,Cải thìa,14000,16000,15000
2026-06-02,rau_cu,Cần Tây,19000,20500,18000
2026-06-02,rau_cu,Rau muống,8000,9000,8000
2026-06-02,rau_cu,Rau má,11000,12000,10000
2026-06-02,rau_cu,Rau mồng tơi,11500,13500,12000
2026-06-02,rau_cu,Xà Lách gai,17000,18500,17000
2026-06-02,rau_cu,Xà lách xong,11000,12000,11000
2026-06-02,rau_cu,Su su,8500,8000,7000
2026-06-02,rau_cu,Nấm bào ngư,46500,47500,45000
2026-06-02,rau_cu,Nấm đùi gà,49000,51000,48000
2026-06-02,rau_cu,Nấm đông cô,105000,107500,100000
2026-06-02,rau_cu,Cà chua,22000,23000,24000
2026-06-02,rau_cu,Đậu Bắp,19000,20000,18000
2026-06-02,rau_cu,Hành lá,26000,27500,25000
2026-06-02,rau_cu,Hành tây,14500,16000,15000
2026-06-02,rau_cu,Gừng,35500,36500,35000
2026-06-02,rau_cu,Ớt,36500,36500,35000
2026-06-02,rau_cu,Tỏi,23000,24000,22000
2026-06-02,rau_cu,Ngò rí,29000,29000,28000
2026-06-02,rau_cu,Ngò gai,12000,22000,20000
2026-06-02,thit,Thịt ba chỉ,190000,190000,190000
2026-06-02,thit,Sườn non,210000,210000,210000
2026-06-02,thit,Nạc thăn,180000,180000,180000
2026-06-02,thit,Thịt lợn xay,140000,140000,140000
2026-06-02,thit,Thịt nạc vai,180000,180000,180000
2026-06-02,thit,Thịt bò úc,260000,260000,260000
2026-06-02,thit,Gầu bò,240000,240000,240000
2026-06-02,thit,Thăn bò,315000,315000,315000
2026-06-02,thit,Thị bò xay,210000,210000,210000
2026-06-02,thit,Bắp bò loại 1,290000,290000,290000
2026-06-02,thit,Thịt gà,87500,87500,87500
2026-06-02,thit,Chân gà,105000,105000,105000
2026-06-02,thit,Đùi gà công nghiệp,77500,77500,77500
2026-06-02,thit,Gà ta nguyên con,120000,120000,120000
2026-06-02,thuy_hai_san,Cá tra,40500,41000,40000
2026-06-02,thuy_hai_san,Lươn,180000,0,165000
2026-06-02,thuy_hai_san,Cá lóc,41500,43500,42000
2026-06-02,thuy_hai_san,Cá diêu hồng,48500,52500,50000
2026-06-02,thuy_hai_san,Cá Rô phi,29000,30000,28000
2026-06-02,thuy_hai_san,Cá bống,180000,180000,180000
2026-06-02,thuy_hai_san,Cá kèo,125000,125000,125000
2026-06-02,thuy_hai_san,Cá thát lát,87500,87500,87500
2026-06-02,thuy_hai_san,Cá mú,525000,525000,525000
2026-06-02,thuy_hai_san,Cá nục,90000,90000,90000
2026-06-02,thuy_hai_san,Cá chim,162500,162500,162500
2026-06-02,thuy_hai_san,Tôm,135000,135000,135000
2026-06-02,thuy_hai_san,Mực,170000,170000,170000
2026-06-02,thuy_hai_san,Nghêu,27500,27500,27500
2026-06-02,thuy_hai_san,Tôm càng xanh,550000,550000,550000
2026-06-02,thuy_hai_san,Tôm thẻ,125000,125000,125000
2026-06-02,thuy_hai_san,Tôm hùm,1025000,1025000,1025000
2026-06-03,rau_cu,Bắp non,29000,30500,30000
2026-06-03,rau_cu,Bắp cải trắng,9000,10000,9000
2026-06-03,rau_cu,Bắp cải tím,18500,20000,18000
2026-06-03,rau_cu,Bí đỏ,9500,10000,9000
2026-06-03,rau_cu,Bí đao,9000,10000,10000
2026-06-03,rau_cu,Dưa leo,14000,15000,15000
2026-06-03,rau_cu,Khổ qua,14500,15500,14000
2026-06-03,rau_cu,Khoai tây,11000,12000,12000
2026-06-03,rau_cu,Cà rốt,12000,12500,11000
2026-06-03,rau_cu,Cà tím,9500,10000,10000
2026-06-03,rau_cu,Cải bó xôi,23000,24000,24000
2026-06-03,rau_cu,Cải ngọt,9000,10000,9000
2026-06-03,rau_cu,Cải thảo,13000,14500,14000
2026-06-03,rau_cu,Cải bẹ xanh,10000,5000,9000
2026-06-03,rau_cu,Cải thìa,14000,16000,15000
2026-06-03,rau_cu,Cần Tây,19000,20500,18000
2026-06-03,rau_cu,Rau muống,8000,9000,8000
2026-06-03,rau_cu,Rau má,11000,12000,10000
2026-06-03,rau_cu,Rau mồng tơi,11500,13500,12000
2026-06-03,rau_cu,Xà Lách gai,17000,18500,17000
2026-06-03,rau_cu,Xà lách xong,11000,12000,11000
2026-06-03,rau_cu,Su su,8500,8000,7000
2026-06-03,rau_cu,Nấm bào ngư,46500,47500,45000
2026-06-03,rau_cu,Nấm đùi gà,49000,51000,48000
2026-06-03,rau_cu,Nấm đông cô,105000,107500,100000
2026-06-03,rau_cu,Cà chua,22000,23000,24000
2026-06-03,rau_cu,Đậu Bắp,19000,20000,18000
2026-06-03,rau_cu,Hành lá,26000,27500,25000
2026-06-03,rau_cu,Hành tây,14500,16000,15000
2026-06-03,rau_cu,Gừng,35500,36500,35000
2026-06-03,rau_cu,Ớt,36500,36500,35000
2026-06-03,rau_cu,Tỏi,23000,24000,22000
2026-06-03,rau_cu,Ngò rí,29000,29000,28000
2026-06-03,rau_cu,Ngò gai,12000,22000,20000
2026-06-03,thit,Thịt ba chỉ,190000,190000,190000
2026-06-03,thit,Sườn non,210000,210000,210000
2026-06-03,thit,Nạc thăn,180000,180000,180000
2026-06-03,thit,Thịt lợn xay,140000,140000,140000
2026-06-03,thit,Thịt nạc vai,180000,180000,180000
2026-06-03,thit,Thịt bò úc,260000,260000,260000
2026-06-03,thit,Gầu bò,240000,240000,240000
2026-06-03,thit,Thăn bò,315000,315000,315000
2026-06-03,thit,Thị bò xay,210000,210000,210000
2026-06-03,thit,Bắp bò loại 1,290000,290000,290000
2026-06-03,thit,Thịt gà,87500,87500,87500
2026-06-03,thit,Chân gà,105000,105000,105000
2026-06-03,thit,Đùi gà công nghiệp,77500,77500,77500
2026-06-03,thit,Gà ta nguyên con,120000,120000,120000
2026-06-03,thuy_hai_san,Cá tra,40500,41000,40000
2026-06-03,thuy_hai_san,Lươn,180000,0,165000
2026-06-03,thuy_hai_san,Cá lóc,41500,43500,42000
2026-06-03,thuy_hai_san,Cá diêu hồng,48500,52500,50000
2026-06-03,thuy_hai_san,Cá Rô phi,29000,30000,28000
2026-06-03,thuy_hai_san,Cá bống,180000,180000,180000
2026-06-03,thuy_hai_san,Cá kèo,125000,125000,125000
2026-06-03,thuy_hai_san,Cá thát lát,87500,87500,87500
2026-06-03,thuy_hai_san,Cá mú,525000,525000,525000
2026-06-03,thuy_hai_san,Cá nục,90000,90000,90000
2026-06-03,thuy_hai_san,Cá chim,162500,162500,162500
2026-06-03,thuy_hai_san,Tôm,135000,135000,135000
2026-06-03,thuy_hai_san,Mực,170000,170000,170000
2026-06-03,thuy_hai_san,Nghêu,27500,27500,27500
2026-06-03,thuy_hai_san,Tôm càng xanh,550000,550000,550000
2026-06-03,thuy_hai_san,Tôm thẻ,125000,125000,125000
2026-06-03,thuy_hai_san,Tôm hùm,1025000,1025000,1025000
2026-06-05,rau_cu,Bắp non,29000,30500,30000
2026-06-05,rau_cu,Bắp cải trắng,9000,10000,9000
2026-06-05,rau_cu,Bắp cải tím,18500,20000,18000
2026-06-05,rau_cu,Bí đỏ,9500,10000,9000
2026-06-05,rau_cu,Bí đao,9000,10000,10000
2026-06-05,rau_cu,Dưa leo,14000,15000,15000
2026-06-05,rau_cu,Khổ qua,14500,15500,14000
2026-06-05,rau_cu,Khoai tây,11000,12000,12000
2026-06-05,rau_cu,Cà rốt,12000,12500,11000
2026-06-05,rau_cu,Cà tím,9500,10000,10000
2026-06-05,rau_cu,Cải bó xôi,23000,24000,24000
2026-06-05,rau_cu,Cải ngọt,9000,10000,9000
2026-06-05,rau_cu,Cải thảo,13000,14500,14000
2026-06-05,rau_cu,Cải bẹ xanh,10000,5000,9000
2026-06-05,rau_cu,Cải thìa,14000,16000,15000
2026-06-05,rau_cu,Cần Tây,19000,20500,18000
2026-06-05,rau_cu,Rau muống,8000,9000,8000
2026-06-05,rau_cu,Rau má,11000,12000,10000
2026-06-05,rau_cu,Rau mồng tơi,11500,13500,12000
2026-06-05,rau_cu,Xà Lách gai,17000,18500,17000
2026-06-05,rau_cu,Xà lách xong,11000,12000,11000
2026-06-05,rau_cu,Su su,8500,8000,7000
2026-06-05,rau_cu,Nấm bào ngư,46500,47500,45000
2026-06-05,rau_cu,Nấm đùi gà,49000,51000,48000
2026-06-05,rau_cu,Nấm đông cô,105000,107500,100000
2026-06-05,rau_cu,Cà chua,22000,23000,24000
2026-06-05,rau_cu,Đậu Bắp,19000,20000,18000
2026-06-05,rau_cu,Hành lá,26000,27500,25000
2026-06-05,rau_cu,Hành tây,14500,16000,15000
2026-06-05,rau_cu,Gừng,35500,36500,35000
2026-06-05,rau_cu,Ớt,36500,36500,35000
2026-06-05,rau_cu,Tỏi,23000,24000,22000
2026-06-05,rau_cu,Ngò rí,29000,29000,28000
2026-06-05,rau_cu,Ngò gai,12000,22000,20000
2026-06-05,thit,Thịt ba chỉ,190000,190000,190000
2026-06-05,thit,Sườn non,210000,210000,210000
2026-06-05,thit,Nạc thăn,180000,180000,180000
2026-06-05,thit,Thịt lợn xay,140000,140000,140000
2026-06-05,thit,Thịt nạc vai,180000,180000,180000
2026-06-05,thit,Thịt bò úc,260000,260000,260000
2026-06-05,thit,Gầu bò,240000,240000,240000
2026-06-05,thit,Thăn bò,315000,315000,315000
2026-06-05,thit,Thị bò xay,210000,210000,210000
2026-06-05,thit,Bắp bò loại 1,290000,290000,290000
2026-06-05,thit,Thịt gà,87500,87500,87500
2026-06-05,thit,Chân gà,105000,105000,105000
2026-06-05,thit,Đùi gà công nghiệp,77500,77500,77500
2026-06-05,thit,Gà ta nguyên con,120000,120000,120000
2026-06-06,rau_cu,Bắp non,29000,30500,30000
2026-06-06,rau_cu,Bắp cải trắng,9000,10000,9000
2026-06-06,rau_cu,Bắp cải tím,18500,20000,18000
2026-06-06,rau_cu,Bí đỏ,9500,10000,9000
2026-06-06,rau_cu,Bí đao,9000,10000,10000
2026-06-06,rau_cu,Dưa leo,14000,15000,15000
2026-06-06,rau_cu,Khổ qua,14500,15500,14000
2026-06-06,rau_cu,Khoai tây,11000,12000,12000
2026-06-06,rau_cu,Cà rốt,12000,12500,11000
2026-06-06,rau_cu,Cà tím,9500,10000,10000
2026-06-06,rau_cu,Cải bó xôi,23000,24000,24000
2026-06-06,rau_cu,Cải ngọt,9000,10000,9000
2026-06-06,rau_cu,Cải thảo,13000,14500,14000
2026-06-06,rau_cu,Cải bẹ xanh,10000,5000,9000
2026-06-06,rau_cu,Cải thìa,14000,16000,15000
2026-06-06,rau_cu,Cần Tây,19000,20500,18000
2026-06-06,rau_cu,Rau muống,8000,9000,8000
2026-06-06,rau_cu,Rau má,11000,12000,10000
2026-06-06,rau_cu,Rau mồng tơi,11500,13500,12000
2026-06-06,rau_cu,Xà Lách gai,17000,18500,17000
2026-06-06,rau_cu,Xà lách xong,11000,12000,11000
2026-06-06,rau_cu,Su su,8500,8000,7000
2026-06-06,rau_cu,Nấm bào ngư,46500,47500,45000
2026-06-06,rau_cu,Nấm đùi gà,49000,51000,48000
2026-06-06,rau_cu,Nấm đông cô,105000,107500,100000
2026-06-06,rau_cu,Cà chua,22000,23000,24000
2026-06-06,rau_cu,Đậu Bắp,19000,20000,18000
2026-06-06,rau_cu,Hành lá,26000,27500,25000
2026-06-06,rau_cu,Hành tây,14500,16000,15000
2026-06-06,rau_cu,Gừng,35500,36500,35000
2026-06-06,rau_cu,Ớt,36500,36500,35000
2026-06-06,rau_cu,Tỏi,23000,24000,22000
2026-06-06,rau_cu,Ngò rí,29000,29000,28000
2026-06-06,rau_cu,Ngò gai,12000,22000,20000
2026-06-06,thit,Thịt ba chỉ,190000,190000,190000
2026-06-06,thit,Sườn non,210000,210000,210000
2026-06-06,thit,Nạc thăn,180000,180000,180000
2026-06-06,thit,Thịt lợn xay,140000,140000,140000
2026-06-06,thit,Thịt nạc vai,180000,180000,180000
2026-06-06,thit,Thịt bò úc,260000,260000,260000
2026-06-06,thit,Gầu bò,240000,240000,240000
2026-06-06,thit,Thăn bò,315000,315000,315000
2026-06-06,thit,Thị bò xay,210000,210000,210000
2026-06-06,thit,Bắp bò loại 1,290000,290000,290000
2026-06-06,thit,Thịt gà,87500,87500,87500
2026-06-06,thit,Chân gà,105000,105000,105000
2026-06-06,thit,Đùi gà công nghiệp,77500,77500,77500
2026-06-06,thit,Gà ta nguyên con,120000,120000,120000
2026-06-06,thuy_hai_san,Cá tra,40500,41000,40000
2026-06-06,thuy_hai_san,Lươn,180000,0,165000
2026-06-06,thuy_hai_san,Cá lóc,41500,43500,42000
2026-06-06,thuy_hai_san,Cá diêu hồng,48500,52500,50000
2026-06-06,thuy_hai_san,Cá Rô phi,29000,30000,28000
2026-06-06,thuy_hai_san,Cá bống,180000,180000,180000
2026-06-06,thuy_hai_san,Cá kèo,125000,125000,125000
2026-06-06,thuy_hai_san,Cá thát lát,87500,87500,87500
2026-06-06,thuy_hai_san,Cá mú,525000,525000,525000
2026-06-06,thuy_hai_san,Cá nục,90000,90000,90000
2026-06-06,thuy_hai_san,Cá chim,162500,162500,162500
2026-06-06,thuy_hai_san,Tôm,135000,135000,135000
2026-06-06,thuy_hai_san,Mực,170000,170000,170000
2026-06-06,thuy_hai_san,Nghêu,27500,27500,27500
2026-06-06,thuy_hai_san,Tôm càng xanh,550000,550000,550000
2026-06-06,thuy_hai_san,Tôm thẻ,125000,125000,125000
2026-06-06,thuy_hai_san,Tôm hùm,1025000,1025000,1025000
2026-06-07,rau_cu,Bắp non,29000,30500,30000
2026-06-07,rau_cu,Bắp cải trắng,9000,10000,9000
2026-06-07,rau_cu,Bắp cải tím,18500,20000,18000
2026-06-07,rau_cu,Bí đỏ,9500,10000,9000
2026-06-07,rau_cu,Bí đao,9000,10000,10000
2026-06-07,rau_cu,Dưa leo,14000,15000,15000
2026-06-07,rau_cu,Khổ qua,14500,15500,14000
2026-06-07,rau_cu,Khoai tây,11000,12000,12000
2026-06-07,rau_cu,Cà rốt,12000,12500,11000
2026-06-07,rau_cu,Cà tím,9500,10000,10000
2026-06-07,rau_cu,Cải bó xôi,23000,24000,24000
2026-06-07,rau_cu,Cải ngọt,9000,10000,9000
2026-06-07,rau_cu,Cải thảo,13000,14500,14000
2026-06-07,rau_cu,Cải bẹ xanh,10000,5000,9000
2026-06-07,rau_cu,Cải thìa,14000,16000,15000
2026-06-07,rau_cu,Cần Tây,19000,20500,18000
2026-06-07,rau_cu,Rau muống,8000,9000,8000
2026-06-07,rau_cu,Rau má,11000,12000,10000
2026-06-07,rau_cu,Rau mồng tơi,11500,13500,12000
2026-06-07,rau_cu,Xà Lách gai,17000,18500,17000
2026-06-07,rau_cu,Xà lách xong,11000,12000,11000
2026-06-07,rau_cu,Su su,8500,8000,7000
2026-06-07,rau_cu,Nấm bào ngư,46500,47500,45000
2026-06-07,rau_cu,Nấm đùi gà,49000,51000,48000
2026-06-07,rau_cu,Nấm đông cô,105000,107500,100000
2026-06-07,rau_cu,Cà chua,22000,23000,24000
2026-06-07,rau_cu,Đậu Bắp,19000,20000,18000
2026-06-07,rau_cu,Hành lá,26000,27500,25000
2026-06-07,rau_cu,Hành tây,14500,16000,15000
2026-06-07,rau_cu,Gừng,35500,36500,35000
2026-06-07,rau_cu,Ớt,36500,36500,35000
2026-06-07,rau_cu,Tỏi,23000,24000,22000
2026-06-07,rau_cu,Ngò rí,29000,29000,28000
2026-06-07,rau_cu,Ngò gai,12000,22000,20000
2026-06-07,thit,Thịt ba chỉ,190000,190000,190000
2026-06-07,thit,Sườn non,210000,210000,210000
2026-06-07,thit,Nạc thăn,180000,180000,180000
2026-06-07,thit,Thịt lợn xay,140000,140000,140000
2026-06-07,thit,Thịt nạc vai,180000,180000,180000
2026-06-07,thit,Thịt bò úc,260000,260000,260000
2026-06-07,thit,Gầu bò,240000,240000,240000
2026-06-07,thit,Thăn bò,315000,315000,315000
2026-06-07,thit,Thị bò xay,210000,210000,210000
2026-06-07,thit,Bắp bò loại 1,290000,290000,290000
2026-06-07,thit,Thịt gà,87500,87500,87500
2026-06-07,thit,Chân gà,105000,105000,105000
2026-06-07,thit,Đùi gà công nghiệp,77500,77500,77500
2026-06-07,thit,Gà ta nguyên con,120000,120000,120000
2026-06-07,thuy_hai_san,Cá tra,40500,41000,40000
2026-06-07,thuy_hai_san,Lươn,180000,0,165000
2026-06-07,thuy_hai_san,Cá lóc,41500,43500,42000
2026-06-07,thuy_hai_san,Cá diêu hồng,48500,52500,50000
2026-06-07,thuy_hai_san,Cá Rô phi,29000,30000,28000
2026-06-07,thuy_hai_san,Cá bống,180000,180000,180000
2026-06-07,thuy_hai_san,Cá kèo,125000,125000,125000
2026-06-07,thuy_hai_san,Cá thát lát,87500,87500,87500
2026-06-07,thuy_hai_san,Cá mú,525000,525000,525000
2026-06-07,thuy_hai_san,Cá nục,90000,90000,90000
2026-06-07,thuy_hai_san,Cá chim,162500,162500,162500
2026-06-07,thuy_hai_san,Tôm,135000,135000,135000
2026-06-07,thuy_hai_san,Mực,170000,170000,170000
2026-06-07,thuy_hai_san,Nghêu,27500,27500,27500
2026-06-07,thuy_hai_san,Tôm càng xanh,550000,550000,550000
2026-06-07,thuy_hai_san,Tôm thẻ,125000,125000,125000
2026-06-07,thuy_hai_san,Tôm hùm,1025000,1025000,1025000
2026-06-08,rau_cu,Bắp non,29000,30500,30000
2026-06-08,rau_cu,Bắp cải trắng,9000,10000,9000
2026-06-08,rau_cu,Bắp cải tím,18500,20000,18000
2026-06-08,rau_cu,Bí đỏ,9500,10000,9000
2026-06-08,rau_cu,Bí đao,9000,10000,10000
2026-06-08,rau_cu,Dưa leo,14000,15000,15000
2026-06-08,rau_cu,Khổ qua,14500,15500,14000
2026-06-08,rau_cu,Khoai tây,11000,12000,12000
2026-06-08,rau_cu,Cà rốt,12000,12500,11000
2026-06-08,rau_cu,Cà tím,9500,10000,10000
2026-06-08,rau_cu,Cải bó xôi,23000,24000,24000
2026-06-08,rau_cu,Cải ngọt,9000,10000,9000
2026-06-08,rau_cu,Cải thảo,13000,14500,14000
2026-06-08,rau_cu,Cải bẹ xanh,10000,5000,9000
2026-06-08,rau_cu,Cải thìa,14000,16000,15000
2026-06-08,rau_cu,Cần Tây,19000,20500,18000
2026-06-08,rau_cu,Rau muống,8000,9000,8000
2026-06-08,rau_cu,Rau má,11000,12000,10000
2026-06-08,rau_cu,Rau mồng tơi,11500,13500,12000
2026-06-08,rau_cu,Xà Lách gai,17000,18500,17000
2026-06-08,rau_cu,Xà lách xong,11000,12000,11000
2026-06-08,rau_cu,Su su,8500,8000,7000
2026-06-08,rau_cu,Nấm bào ngư,46500,47500,45000
2026-06-08,rau_cu,Nấm đùi gà,49000,51000,48000
2026-06-08,rau_cu,Nấm đông cô,105000,107500,100000
2026-06-08,rau_cu,Cà chua,22000,23000,24000
2026-06-08,rau_cu,Đậu Bắp,19000,20000,18000
2026-06-08,rau_cu,Hành lá,26000,27500,25000
2026-06-08,rau_cu,Hành tây,14500,16000,15000
2026-06-08,rau_cu,Gừng,35500,36500,35000
2026-06-08,rau_cu,Ớt,36500,36500,35000
2026-06-08,rau_cu,Tỏi,23000,24000,22000
2026-06-08,rau_cu,Ngò rí,29000,29000,28000
2026-06-08,rau_cu,Ngò gai,12000,22000,20000
2026-06-08,thit,Thịt ba chỉ,190000,190000,190000
2026-06-08,thit,Sườn non,210000,210000,210000
2026-06-08,thit,Nạc thăn,180000,180000,180000
2026-06-08,thit,Thịt lợn xay,140000,140000,140000
2026-06-08,thit,Thịt nạc vai,180000,180000,180000
2026-06-08,thit,Thịt bò úc,260000,260000,260000
2026-06-08,thit,Gầu bò,240000,240000,240000
2026-06-08,thit,Thăn bò,315000,315000,315000
2026-06-08,thit,Thị bò xay,210000,210000,210000
2026-06-08,thit,Bắp bò loại 1,290000,290000,290000
2026-06-08,thit,Thịt gà,87500,87500,87500
2026-06-08,thit,Chân gà,105000,105000,105000
2026-06-08,thit,Đùi gà công nghiệp,77500,77500,77500
2026-06-08,thit,Gà ta nguyên con,120000,120000,120000
2026-06-08,thuy_hai_san,Cá tra,40500,41000,40000
2026-06-08,thuy_hai_san,Lươn,180000,0,165000
2026-06-08,thuy_hai_san,Cá lóc,41500,43500,42000
2026-06-08,thuy_hai_san,Cá diêu hồng,48500,52500,50000
2026-06-08,thuy_hai_san,Cá Rô phi,29000,30000,28000
2026-06-08,thuy_hai_san,Cá bống,180000,180000,180000
2026-06-08,thuy_hai_san,Cá kèo,125000,125000,125000
2026-06-08,thuy_hai_san,Cá thát lát,87500,87500,87500
2026-06-08,thuy_hai_san,Cá mú,525000,525000,525000
2026-06-08,thuy_hai_san,Cá nục,90000,90000,90000
2026-06-08,thuy_hai_san,Cá chim,162500,162500,162500
2026-06-08,thuy_hai_san,Tôm,135000,135000,135000
2026-06-08,thuy_hai_san,Mực,170000,170000,170000
2026-06-08,thuy_hai_san,Nghêu,27500,27500,27500
2026-06-08,thuy_hai_san,Tôm càng xanh,550000,550000,550000
2026-06-08,thuy_hai_san,Tôm thẻ,125000,125000,125000
2026-06-08,thuy_hai_san,Tôm hùm,1025000,1025000,1025000
2026-06-09,rau_cu,Bắp non,29000,30500,30000
2026-06-09,rau_cu,Bắp cải trắng,9000,10000,9000
2026-06-09,rau_cu,Bắp cải tím,18500,20000,18000
2026-06-09,rau_cu,Bí đỏ,9500,10000,9000
2026-06-09,rau_cu,Bí đao,9000,10000,10000
2026-06-09,rau_cu,Dưa leo,14000,15000,15000
2026-06-09,rau_cu,Khổ qua,14500,15500,14000
2026-06-09,rau_cu,Khoai tây,11000,12000,12000
2026-06-09,rau_cu,Cà rốt,12000,12500,11000
2026-06-09,rau_cu,Cà tím,9500,10000,10000
2026-06-09,rau_cu,Cải bó xôi,23000,24000,24000
2026-06-09,rau_cu,Cải ngọt,9000,10000,9000
2026-06-09,rau_cu,Cải thảo,13000,14500,14000
2026-06-09,rau_cu,Cải bẹ xanh,10000,5000,9000
2026-06-09,rau_cu,Cải thìa,14000,16000,15000
2026-06-09,rau_cu,Cần Tây,19000,20500,18000
2026-06-09,rau_cu,Rau muống,8000,9000,8000
2026-06-09,rau_cu,Rau má,11000,12000,10000
2026-06-09,rau_cu,Rau mồng tơi,11500,13500,12000
2026-06-09,rau_cu,Xà Lách gai,17000,18500,17000
2026-06-09,rau_cu,Xà lách xong,11000,12000,11000
2026-06-09,rau_cu,Su su,8500,8000,7000
2026-06-09,rau_cu,Nấm bào ngư,46500,47500,45000
2026-06-09,rau_cu,Nấm đùi gà,49000,51000,48000
2026-06-09,rau_cu,Nấm đông cô,105000,107500,100000
2026-06-09,rau_cu,Cà chua,22000,23000,24000
2026-06-09,rau_cu,Đậu Bắp,19000,20000,18000
2026-06-09,rau_cu,Hành lá,26000,27500,25000
2026-06-09,rau_cu,Hành tây,14500,16000,15000
2026-06-09,rau_cu,Gừng,35500,36500,35000
2026-06-09,rau_cu,Ớt,36500,36500,35000
2026-06-09,rau_cu,Tỏi,23000,24000,22000
2026-06-09,rau_cu,Ngò rí,29000,29000,28000
2026-06-09,rau_cu,Ngò gai,12000,22000,20000
2026-06-09,thit,Thịt ba chỉ,190000,190000,190000
2026-06-09,thit,Sườn non,210000,210000,210000
2026-06-09,thit,Nạc thăn,180000,180000,180000
2026-06-09,thit,Thịt lợn xay,140000,140000,140000
2026-06-09,thit,Thịt nạc vai,180000,180000,180000
2026-06-09,thit,Thịt bò úc,260000,260000,260000
2026-06-09,thit,Gầu bò,240000,240000,240000
2026-06-09,thit,Thăn bò,315000,315000,315000
2026-06-09,thit,Thị bò xay,210000,210000,210000
2026-06-09,thit,Bắp bò loại 1,290000,290000,290000
2026-06-09,thit,Thịt gà,87500,87500,87500
2026-06-09,thit,Chân gà,105000,105000,105000
2026-06-09,thit,Đùi gà công nghiệp,77500,77500,77500
2026-06-09,thit,Gà ta nguyên con,120000,120000,120000
2026-06-09,thuy_hai_san,Cá tra,40500,41000,40000
2026-06-09,thuy_hai_san,Lươn,180000,0,165000
2026-06-09,thuy_hai_san,Cá lóc,41500,43500,42000
2026-06-09,thuy_hai_san,Cá diêu hồng,48500,52500,50000
2026-06-09,thuy_hai_san,Cá Rô phi,29000,30000,28000
2026-06-09,thuy_hai_san,Cá bống,180000,180000,180000
2026-06-09,thuy_hai_san,Cá kèo,125000,125000,125000
2026-06-09,thuy_hai_san,Cá thát lát,87500,87500,87500
2026-06-09,thuy_hai_san,Cá mú,525000,525000,525000
2026-06-09,thuy_hai_san,Cá nục,90000,90000,90000
2026-06-09,thuy_hai_san,Cá chim,162500,162500,162500
2026-06-09,thuy_hai_san,Tôm,135000,135000,135000
2026-06-09,thuy_hai_san,Mực,170000,170000,170000
2026-06-09,thuy_hai_san,Nghêu,27500,27500,27500
2026-06-09,thuy_hai_san,Tôm càng xanh,550000,550000,550000
2026-06-09,thuy_hai_san,Tôm thẻ,125000,125000,125000
2026-06-09,thuy_hai_san,Tôm hùm,1025000,1025000,1025000
2026-06-10,rau_cu,Bắp non,29000,30500,30000
2026-06-10,rau_cu,Bắp cải trắng,9000,10000,9000
2026-06-10,rau_cu,Bắp cải tím,18500,20000,18000
2026-06-10,rau_cu,Bí đỏ,9500,10000,9000
2026-06-10,rau_cu,Bí đao,9000,10000,10000
2026-06-10,rau_cu,Dưa leo,14000,15000,15000
2026-06-10,rau_cu,Khổ qua,14500,15500,14000
2026-06-10,rau_cu,Khoai tây,11000,12000,12000
2026-06-10,rau_cu,Cà rốt,12000,12500,11000
2026-06-10,rau_cu,Cà tím,9500,10000,10000
2026-06-10,rau_cu,Cải bó xôi,23000,24000,24000
2026-06-10,rau_cu,Cải ngọt,9000,10000,9000
2026-06-10,rau_cu,Cải thảo,13000,14500,14000
2026-06-10,rau_cu,Cải bẹ xanh,10000,5000,9000
2026-06-10,rau_cu,Cải thìa,14000,16000,15000
2026-06-10,rau_cu,Cần Tây,19000,20500,18000
2026-06-10,rau_cu,Rau muống,8000,9000,8000
2026-06-10,rau_cu,Rau má,11000,12000,10000
2026-06-10,rau_cu,Rau mồng tơi,11500,13500,12000
2026-06-10,rau_cu,Xà Lách gai,17000,18500,17000
2026-06-10,rau_cu,Xà lách xong,11000,12000,11000
2026-06-10,rau_cu,Su su,8500,8000,7000
2026-06-10,rau_cu,Nấm bào ngư,46500,47500,45000
2026-06-10,rau_cu,Nấm đùi gà,49000,51000,48000
2026-06-10,rau_cu,Nấm đông cô,105000,107500,100000
2026-06-10,rau_cu,Cà chua,22000,23000,24000
2026-06-10,rau_cu,Đậu Bắp,19000,20000,18000
2026-06-10,rau_cu,Hành lá,26000,27500,25000
2026-06-10,rau_cu,Hành tây,14500,16000,15000
2026-06-10,rau_cu,Gừng,35500,36500,35000
2026-06-10,rau_cu,Ớt,36500,36500,35000
2026-06-10,rau_cu,Tỏi,23000,24000,22000
2026-06-10,rau_cu,Ngò rí,29000,29000,28000
2026-06-10,rau_cu,Ngò gai,12000,22000,20000
2026-06-10,thit,Thịt ba chỉ,190000,190000,190000
2026-06-10,thit,Sườn non,210000,210000,210000
2026-06-10,thit,Nạc thăn,180000,180000,180000
2026-06-10,thit,Thịt lợn xay,140000,140000,140000
2026-06-10,thit,Thịt nạc vai,180000,180000,180000
2026-06-10,thit,Thịt bò úc,260000,260000,260000
2026-06-10,thit,Gầu bò,240000,240000,240000
2026-06-10,thit,Thăn bò,315000,315000,315000
2026-06-10,thit,Thị bò xay,210000,210000,210000
2026-06-10,thit,Bắp bò loại 1,290000,290000,290000
2026-06-10,thit,Thịt gà,87500,87500,87500
2026-06-10,thit,Chân gà,105000,105000,105000
2026-06-10,thit,Đùi gà công nghiệp,77500,77500,77500
2026-06-10,thit,Gà ta nguyên con,120000,120000,120000
2026-06-10,thuy_hai_san,Cá tra,40500,41000,40000
2026-06-10,thuy_hai_san,Lươn,180000,0,165000
2026-06-10,thuy_hai_san,Cá lóc,41500,43500,42000
2026-06-10,thuy_hai_san,Cá diêu hồng,48500,52500,50000
2026-06-10,thuy_hai_san,Cá Rô phi,29000,30000,28000
2026-06-10,thuy_hai_san,Cá bống,180000,180000,180000
2026-06-10,thuy_hai_san,Cá kèo,125000,125000,125000
2026-06-10,thuy_hai_san,Cá thát lát,87500,87500,87500
2026-06-10,thuy_hai_san,Cá mú,525000,525000,525000
2026-06-10,thuy_hai_san,Cá nục,90000,90000,90000
2026-06-10,thuy_hai_san,Cá chim,162500,162500,162500
2026-06-10,thuy_hai_san,Tôm,135000,135000,135000
2026-06-10,thuy_hai_san,Mực,170000,170000,170000
2026-06-10,thuy_hai_san,Nghêu,27500,27500,27500
2026-06-10,thuy_hai_san,Tôm càng xanh,550000,550000,550000
2026-06-10,thuy_hai_san,Tôm thẻ,125000,125000,125000
2026-06-10,thuy_hai_san,Tôm hùm,1025000,1025000,1025000
2026-06-11,rau_cu,Bắp non,29000,30500,30000
2026-06-11,rau_cu,Bắp cải trắng,9000,10000,9000
2026-06-11,rau_cu,Bắp cải tím,18500,20000,18000
2026-06-11,rau_cu,Bí đỏ,9500,10000,9000
2026-06-11,rau_cu,Bí đao,9000,10000,10000
2026-06-11,rau_cu,Dưa leo,14000,15000,15000
2026-06-11,rau_cu,Khổ qua,14500,15500,14000
2026-06-11,rau_cu,Khoai tây,11000,12000,12000
2026-06-11,rau_cu,Cà rốt,12000,12500,11000
2026-06-11,rau_cu,Cà tím,9500,10000,10000
2026-06-11,rau_cu,Cải bó xôi,23000,24000,24000
2026-06-11,rau_cu,Cải ngọt,9000,10000,9000
2026-06-11,rau_cu,Cải thảo,13000,14500,14000
2026-06-11,rau_cu,Cải bẹ xanh,10000,5000,9000
2026-06-11,rau_cu,Cải thìa,14000,16000,15000
2026-06-11,rau_cu,Cần Tây,19000,20500,18000
2026-06-11,rau_cu,Rau muống,8000,9000,8000
2026-06-11,rau_cu,Rau má,11000,12000,10000
2026-06-11,rau_cu,Rau mồng tơi,11500,13500,12000
2026-06-11,rau_cu,Xà Lách gai,17000,18500,17000
2026-06-11,rau_cu,Xà lách xong,11000,12000,11000
2026-06-11,rau_cu,Su su,8500,8000,7000
2026-06-11,rau_cu,Nấm bào ngư,46500,47500,45000
2026-06-11,rau_cu,Nấm đùi gà,49000,51000,48000
2026-06-11,rau_cu,Nấm đông cô,105000,107500,100000
2026-06-11,rau_cu,Cà chua,22000,23000,24000
2026-06-11,rau_cu,Đậu Bắp,19000,20000,18000
2026-06-11,rau_cu,Hành lá,26000,27500,25000
2026-06-11,rau_cu,Hành tây,14500,16000,15000
2026-06-11,rau_cu,Gừng,35500,36500,35000
2026-06-11,rau_cu,Ớt,36500,36500,35000
2026-06-11,rau_cu,Tỏi,23000,24000,22000
2026-06-11,rau_cu,Ngò rí,29000,29000,28000
2026-06-11,rau_cu,Ngò gai,12000,22000,20000
2026-06-11,thit,Thịt ba chỉ,190000,190000,190000
2026-06-11,thit,Sườn non,210000,210000,210000
2026-06-11,thit,Nạc thăn,180000,180000,180000
2026-06-11,thit,Thịt lợn xay,140000,140000,140000
2026-06-11,thit,Thịt nạc vai,180000,180000,180000
2026-06-11,thit,Thịt bò úc,260000,260000,260000
2026-06-11,thit,Gầu bò,240000,240000,240000
2026-06-11,thit,Thăn bò,315000,315000,315000
2026-06-11,thit,Thị bò xay,210000,210000,210000
2026-06-11,thit,Bắp bò loại 1,290000,290000,290000
2026-06-11,thit,Thịt gà,87500,87500,87500
2026-06-11,thit,Chân gà,105000,105000,105000
2026-06-11,thit,Đùi gà công nghiệp,77500,77500,77500
2026-06-11,thit,Gà ta nguyên con,120000,120000,120000
2026-06-11,thuy_hai_san,Cá tra,40500,41000,40000
2026-06-11,thuy_hai_san,Lươn,180000,0,165000
2026-06-11,thuy_hai_san,Cá lóc,41500,43500,42000
2026-06-11,thuy_hai_san,Cá diêu hồng,48500,52500,50000
2026-06-11,thuy_hai_san,Cá Rô phi,29000,30000,28000
2026-06-11,thuy_hai_san,Cá bống,180000,180000,180000
2026-06-11,thuy_hai_san,Cá kèo,125000,125000,125000
2026-06-11,thuy_hai_san,Cá thát lát,87500,87500,87500
2026-06-11,thuy_hai_san,Cá mú,525000,525000,525000
2026-06-11,thuy_hai_san,Cá nục,90000,90000,90000
2026-06-11,thuy_hai_san,Cá chim,162500,162500,162500
2026-06-11,thuy_hai_san,Tôm,135000,135000,135000
2026-06-11,thuy_hai_san,Mực,170000,170000,170000
2026-06-11,thuy_hai_san,Nghêu,27500,27500,27500
2026-06-11,thuy_hai_san,Tôm càng xanh,550000,550000,550000
2026-06-11,thuy_hai_san,Tôm thẻ,125000,125000,125000
2026-06-11,thuy_hai_san,Tôm hùm,1025000,1025000,1025000
2026-06-12,rau_cu,Bắp non,29000,30500,30000
2026-06-12,rau_cu,Bắp cải trắng,9000,10000,9000
2026-06-12,rau_cu,Bắp cải tím,18500,20000,18000
2026-06-12,rau_cu,Bí đỏ,9500,10000,9000
2026-06-12,rau_cu,Bí đao,9000,10000,10000
2026-06-12,rau_cu,Dưa leo,14000,15000,15000
2026-06-12,rau_cu,Khổ qua,14500,15500,14000
2026-06-12,rau_cu,Khoai tây,11000,12000,12000
2026-06-12,rau_cu,Cà rốt,12000,12500,11000
2026-06-12,rau_cu,Cà tím,9500,10000,10000
2026-06-12,rau_cu,Cải bó xôi,23000,24000,24000
2026-06-12,rau_cu,Cải ngọt,9000,10000,9000
2026-06-12,rau_cu,Cải thảo,13000,14500,14000
2026-06-12,rau_cu,Cải bẹ xanh,10000,5000,9000
2026-06-12,rau_cu,Cải thìa,14000,16000,15000
2026-06-12,rau_cu,Cần Tây,19000,20500,18000
2026-06-12,rau_cu,Rau muống,8000,9000,8000
2026-06-12,rau_cu,Rau má,11000,12000,10000
2026-06-12,rau_cu,Rau mồng tơi,11500,13500,12000
2026-06-12,rau_cu,Xà Lách gai,17000,18500,17000
2026-06-12,rau_cu,Xà lách xong,11000,12000,11000
2026-06-12,rau_cu,Su su,8500,8000,7000
2026-06-12,rau_cu,Nấm bào ngư,46500,47500,45000
2026-06-12,rau_cu,Nấm đùi gà,49000,51000,48000
2026-06-12,rau_cu,Nấm đông cô,105000,107500,100000
2026-06-12,rau_cu,Cà chua,22000,23000,24000
2026-06-12,rau_cu,Đậu Bắp,19000,20000,18000
2026-06-12,rau_cu,Hành lá,26000,27500,25000
2026-06-12,rau_cu,Hành tây,14500,16000,15000
2026-06-12,rau_cu,Gừng,35500,36500,35000
2026-06-12,rau_cu,Ớt,36500,36500,35000
2026-06-12,rau_cu,Tỏi,23000,24000,22000
2026-06-12,rau_cu,Ngò rí,29000,29000,28000
2026-06-12,rau_cu,Ngò gai,12000,22000,20000
2026-06-12,thit,Thịt ba chỉ,190000,190000,190000
2026-06-12,thit,Sườn non,210000,210000,210000
2026-06-12,thit,Nạc thăn,180000,180000,180000
2026-06-12,thit,Thịt lợn xay,140000,140000,140000
2026-06-12,thit,Thịt nạc vai,180000,180000,180000
2026-06-12,thit,Thịt bò úc,260000,260000,260000
2026-06-12,thit,Gầu bò,240000,240000,240000
2026-06-12,thit,Thăn bò,315000,315000,315000
2026-06-12,thit,Thị bò xay,210000,210000,210000
2026-06-12,thit,Bắp bò loại 1,290000,290000,290000
2026-06-12,thit,Thịt gà,87500,87500,87500
2026-06-12,thit,Chân gà,105000,105000,105000
2026-06-12,thit,Đùi gà công nghiệp,77500,77500,77500
2026-06-12,thit,Gà ta nguyên con,120000,120000,120000
2026-06-12,thuy_hai_san,Cá tra,40500,41000,40000
2026-06-12,thuy_hai_san,Lươn,180000,0,165000
2026-06-12,thuy_hai_san,Cá lóc,41500,43500,42000
2026-06-12,thuy_hai_san,Cá diêu hồng,48500,52500,50000
2026-06-12,thuy_hai_san,Cá Rô phi,29000,30000,28000
2026-06-12,thuy_hai_san,Cá bống,180000,180000,180000
2026-06-12,thuy_hai_san,Cá kèo,125000,125000,125000
2026-06-12,thuy_hai_san,Cá thát lát,87500,87500,87500
2026-06-12,thuy_hai_san,Cá mú,525000,525000,525000
2026-06-12,thuy_hai_san,Cá nục,90000,90000,90000
2026-06-12,thuy_hai_san,Cá chim,162500,162500,162500
2026-06-12,thuy_hai_san,Tôm,135000,135000,135000
2026-06-12,thuy_hai_san,Mực,170000,170000,170000
2026-06-12,thuy_hai_san,Nghêu,27500,27500,27500
2026-06-12,thuy_hai_san,Tôm càng xanh,550000,550000,550000
2026-06-12,thuy_hai_san,Tôm thẻ,125000,125000,125000
2026-06-12,thuy_hai_san,Tôm hùm,1025000,1025000,1025000
2026-06-13,rau_cu,Bắp non,29000,30500,30000
2026-06-13,rau_cu,Bắp cải trắng,9000,10000,9000
2026-06-13,rau_cu,Bắp cải tím,18500,20000,18000
2026-06-13,rau_cu,Bí đỏ,9500,10000,9000
2026-06-13,rau_cu,Bí đao,9000,10000,10000
2026-06-13,rau_cu,Dưa leo,14000,15000,15000
2026-06-13,rau_cu,Khổ qua,14500,15500,14000
2026-06-13,rau_cu,Khoai tây,11000,12000,12000
2026-06-13,rau_cu,Cà rốt,12000,12500,11000
2026-06-13,rau_cu,Cà tím,9500,10000,10000
2026-06-13,rau_cu,Cải bó xôi,23000,24000,24000
2026-06-13,rau_cu,Cải ngọt,9000,10000,9000
2026-06-13,rau_cu,Cải thảo,13000,14500,14000
2026-06-13,rau_cu,Cải bẹ xanh,10000,5000,9000
2026-06-13,rau_cu,Cải thìa,14000,16000,15000
2026-06-13,rau_cu,Cần Tây,19000,20500,18000
2026-06-13,rau_cu,Rau muống,8000,9000,8000
2026-06-13,rau_cu,Rau má,11000,12000,10000
2026-06-13,rau_cu,Rau mồng tơi,11500,13500,12000
2026-06-13,rau_cu,Xà Lách gai,17000,18500,17000
2026-06-13,rau_cu,Xà lách xong,11000,12000,11000
2026-06-13,rau_cu,Su su,8500,8000,7000
2026-06-13,rau_cu,Nấm bào ngư,46500,47500,45000
2026-06-13,rau_cu,Nấm đùi gà,49000,51000,48000
2026-06-13,rau_cu,Nấm đông cô,105000,107500,100000
2026-06-13,rau_cu,Cà chua,22000,23000,24000
2026-06-13,rau_cu,Đậu Bắp,19000,20000,18000
2026-06-13,rau_cu,Hành lá,26000,27500,25000
2026-06-13,rau_cu,Hành tây,14500,16000,15000
2026-06-13,rau_cu,Gừng,35500,36500,35000
2026-06-13,rau_cu,Ớt,36500,36500,35000
2026-06-13,rau_cu,Tỏi,23000,24000,22000
2026-06-13,rau_cu,Ngò rí,29000,29000,28000
2026-06-13,rau_cu,Ngò gai,12000,22000,20000
2026-06-13,thit,Thịt ba chỉ,190000,190000,190000
2026-06-13,thit,Sườn non,210000,210000,210000
2026-06-13,thit,Nạc thăn,180000,180000,180000
2026-06-13,thit,Thịt lợn xay,140000,140000,140000
2026-06-13,thit,Thịt nạc vai,180000,180000,180000
2026-06-13,thit,Thịt bò úc,260000,260000,260000
2026-06-13,thit,Gầu bò,240000,240000,240000
2026-06-13,thit,Thăn bò,315000,315000,315000
2026-06-13,thit,Thị bò xay,210000,210000,210000
2026-06-13,thit,Bắp bò loại 1,290000,290000,290000
2026-06-13,thit,Thịt gà,87500,87500,87500
2026-06-13,thit,Chân gà,105000,105000,105000
2026-06-13,thit,Đùi gà công nghiệp,77500,77500,77500
2026-06-13,thit,Gà ta nguyên con,120000,120000,120000
2026-06-13,thuy_hai_san,Cá tra,40500,41000,40000
2026-06-13,thuy_hai_san,Lươn,180000,0,165000
2026-06-13,thuy_hai_san,Cá lóc,41500,43500,42000
2026-06-13,thuy_hai_san,Cá diêu hồng,48500,52500,50000
2026-06-13,thuy_hai_san,Cá Rô phi,29000,30000,28000
2026-06-13,thuy_hai_san,Cá bống,180000,180000,180000
2026-06-13,thuy_hai_san,Cá kèo,125000,125000,125000
2026-06-13,thuy_hai_san,Cá thát lát,87500,87500,87500
2026-06-13,thuy_hai_san,Cá mú,525000,525000,525000
2026-06-13,thuy_hai_san,Cá nục,90000,90000,90000
2026-06-13,thuy_hai_san,Cá chim,162500,162500,162500
2026-06-13,thuy_hai_san,Tôm,135000,135000,135000
2026-06-13,thuy_hai_san,Mực,170000,170000,170000
2026-06-13,thuy_hai_san,Nghêu,27500,27500,27500
2026-06-13,thuy_hai_san,Tôm càng xanh,550000,550000,550000
2026-06-13,thuy_hai_san,Tôm thẻ,125000,125000,125000
2026-06-13,thuy_hai_san,Tôm hùm,1025000,1025000,1025000
2026-06-14,rau_cu,Bắp non,29000,30500,30000
2026-06-14,rau_cu,Bắp cải trắng,9000,10000,9000
2026-06-14,rau_cu,Bắp cải tím,18500,20000,18000
2026-06-14,rau_cu,Bí đỏ,9500,10000,9000
2026-06-14,rau_cu,Bí đao,9000,10000,10000
2026-06-14,rau_cu,Dưa leo,14000,15000,15000
2026-06-14,rau_cu,Khổ qua,14500,15500,14000
2026-06-14,rau_cu,Khoai tây,11000,12000,12000
2026-06-14,rau_cu,Cà rốt,12000,12500,11000
2026-06-14,rau_cu,Cà tím,9500,10000,10000
2026-06-14,rau_cu,Cải bó xôi,23000,24000,24000
2026-06-14,rau_cu,Cải ngọt,9000,10000,9000
2026-06-14,rau_cu,Cải thảo,13000,14500,14000
2026-06-14,rau_cu,Cải bẹ xanh,10000,5000,9000
2026-06-14,rau_cu,Cải thìa,14000,16000,15000
2026-06-14,rau_cu,Cần Tây,19000,20500,18000
2026-06-14,rau_cu,Rau muống,8000,9000,8000
2026-06-14,rau_cu,Rau má,11000,12000,10000
2026-06-14,rau_cu,Rau mồng tơi,11500,13500,12000
2026-06-14,rau_cu,Xà Lách gai,17000,18500,17000
2026-06-14,rau_cu,Xà lách xong,11000,12000,11000
2026-06-14,rau_cu,Su su,8500,8000,7000
2026-06-14,rau_cu,Nấm bào ngư,46500,47500,45000
2026-06-14,rau_cu,Nấm đùi gà,49000,51000,48000
2026-06-14,rau_cu,Nấm đông cô,105000,107500,100000
2026-06-14,rau_cu,Cà chua,22000,23000,24000
2026-06-14,rau_cu,Đậu Bắp,19000,20000,18000
2026-06-14,rau_cu,Hành lá,26000,27500,25000
2026-06-14,rau_cu,Hành tây,14500,16000,15000
2026-06-14,rau_cu,Gừng,35500,36500,35000
2026-06-14,rau_cu,Ớt,36500,36500,35000
2026-06-14,rau_cu,Tỏi,23000,24000,22000
2026-06-14,rau_cu,Ngò rí,29000,29000,28000
2026-06-14,rau_cu,Ngò gai,12000,22000,20000
2026-06-14,thit,Thịt ba chỉ,190000,190000,190000
2026-06-14,thit,Sườn non,210000,210000,210000
2026-06-14,thit,Nạc thăn,180000,180000,180000
2026-06-14,thit,Thịt lợn xay,140000,140000,140000
2026-06-14,thit,Thịt nạc vai,180000,180000,180000
2026-06-14,thit,Thịt bò úc,260000,260000,260000
2026-06-14,thit,Gầu bò,240000,240000,240000
2026-06-14,thit,Thăn bò,315000,315000,315000
2026-06-14,thit,Thị bò xay,210000,210000,210000
2026-06-14,thit,Bắp bò loại 1,290000,290000,290000
2026-06-14,thit,Thịt gà,87500,87500,87500
2026-06-14,thit,Chân gà,105000,105000,105000
2026-06-14,thit,Đùi gà công nghiệp,77500,77500,77500
2026-06-14,thit,Gà ta nguyên con,120000,120000,120000
2026-06-14,thuy_hai_san,Cá tra,40500,41000,40000
2026-06-14,thuy_hai_san,Lươn,180000,0,165000
2026-06-14,thuy_hai_san,Cá lóc,41500,43500,42000
2026-06-14,thuy_hai_san,Cá diêu hồng,48500,52500,50000
2026-06-14,thuy_hai_san,Cá Rô phi,29000,30000,28000
2026-06-14,thuy_hai_san,Cá bống,180000,180000,180000
2026-06-14,thuy_hai_san,Cá kèo,125000,125000,125000
2026-06-14,thuy_hai_san,Cá thát lát,87500,87500,87500
2026-06-14,thuy_hai_san,Cá mú,525000,525000,525000
2026-06-14,thuy_hai_san,Cá nục,90000,90000,90000
2026-06-14,thuy_hai_san,Cá chim,162500,162500,162500
2026-06-14,thuy_hai_san,Tôm,135000,135000,135000
2026-06-14,thuy_hai_san,Mực,170000,170000,170000
2026-06-14,thuy_hai_san,Nghêu,27500,27500,27500
2026-06-14,thuy_hai_san,Tôm càng xanh,550000,550000,550000
2026-06-14,thuy_hai_san,Tôm thẻ,125000,125000,125000
2026-06-14,thuy_hai_san,Tôm hùm,1025000,1025000,1025000
2026-06-15,rau_cu,Bắp non,29000,30500,30000
2026-06-15,rau_cu,Bắp cải trắng,9000,10000,9000
2026-06-15,rau_cu,Bắp cải tím,18500,20000,18000
2026-06-15,rau_cu,Bí đỏ,9500,10000,9000
2026-06-15,rau_cu,Bí đao,9000,10000,10000
2026-06-15,rau_cu,Dưa leo,14000,15000,15000
2026-06-15,rau_cu,Khổ qua,14500,15500,14000
2026-06-15,rau_cu,Khoai tây,11000,12000,12000
2026-06-15,rau_cu,Cà rốt,12000,12500,11000
2026-06-15,rau_cu,Cà tím,9500,10000,10000
2026-06-15,rau_cu,Cải bó xôi,23000,24000,24000
2026-06-15,rau_cu,Cải ngọt,9000,10000,9000
2026-06-15,rau_cu,Cải thảo,13000,14500,14000
2026-06-15,rau_cu,Cải bẹ xanh,10000,5000,9000
2026-06-15,rau_cu,Cải thìa,14000,16000,15000
2026-06-15,rau_cu,Cần Tây,19000,20500,18000
2026-06-15,rau_cu,Rau muống,8000,9000,8000
2026-06-15,rau_cu,Rau má,11000,12000,10000
2026-06-15,rau_cu,Rau mồng tơi,11500,13500,12000
2026-06-15,rau_cu,Xà Lách gai,17000,18500,17000
2026-06-15,rau_cu,Xà lách xong,11000,12000,11000
2026-06-15,rau_cu,Su su,8500,8000,7000
2026-06-15,rau_cu,Nấm bào ngư,46500,47500,45000
2026-06-15,rau_cu,Nấm đùi gà,49000,51000,48000
2026-06-15,rau_cu,Nấm đông cô,105000,107500,100000
2026-06-15,rau_cu,Cà chua,22000,23000,24000
2026-06-15,rau_cu,Đậu Bắp,19000,20000,18000
2026-06-15,rau_cu,Hành lá,26000,27500,25000
2026-06-15,rau_cu,Hành tây,14500,16000,15000
2026-06-15,rau_cu,Gừng,35500,36500,35000
2026-06-15,rau_cu,Ớt,36500,36500,35000
2026-06-15,rau_cu,Tỏi,23000,24000,22000
2026-06-15,rau_cu,Ngò rí,29000,29000,28000
2026-06-15,rau_cu,Ngò gai,12000,22000,20000
2026-06-15,thuy_hai_san,Cá tra,40500,41000,40000
2026-06-15,thuy_hai_san,Lươn,180000,0,165000
2026-06-15,thuy_hai_san,Cá lóc,41500,43500,42000
2026-06-15,thuy_hai_san,Cá diêu hồng,48500,52500,50000
2026-06-15,thuy_hai_san,Cá Rô phi,29000,30000,28000
2026-06-15,thuy_hai_san,Cá bống,180000,180000,180000
2026-06-15,thuy_hai_san,Cá kèo,125000,125000,125000
2026-06-15,thuy_hai_san,Cá thát lát,87500,87500,87500
2026-06-15,thuy_hai_san,Cá mú,525000,525000,525000
2026-06-15,thuy_hai_san,Cá nục,90000,90000,90000
2026-06-15,thuy_hai_san,Cá chim,162500,162500,162500
2026-06-15,thuy_hai_san,Tôm,135000,135000,135000
2026-06-15,thuy_hai_san,Mực,170000,170000,170000
2026-06-15,thuy_hai_san,Nghêu,27500,27500,27500
2026-06-15,thuy_hai_san,Tôm càng xanh,550000,550000,550000
2026-06-15,thuy_hai_san,Tôm thẻ,125000,125000,125000
2026-06-15,thuy_hai_san,Tôm hùm,1025000,1025000,1025000
2026-06-16,rau_cu,Bắp non,29000,30500,30000
2026-06-16,rau_cu,Bắp cải trắng,9000,10000,9000
2026-06-16,rau_cu,Bắp cải tím,18500,20000,18000
2026-06-16,rau_cu,Bí đỏ,9500,10000,9000
2026-06-16,rau_cu,Bí đao,9000,10000,10000
2026-06-16,rau_cu,Dưa leo,14000,15000,15000
2026-06-16,rau_cu,Khổ qua,14500,15500,14000
2026-06-16,rau_cu,Khoai tây,11000,12000,12000
2026-06-16,rau_cu,Cà rốt,12000,12500,11000
2026-06-16,rau_cu,Cà tím,9500,10000,10000
2026-06-16,rau_cu,Cải bó xôi,23000,24000,24000
2026-06-16,rau_cu,Cải ngọt,9000,10000,9000
2026-06-16,rau_cu,Cải thảo,13000,14500,14000
2026-06-16,rau_cu,Cải bẹ xanh,10000,5000,9000
2026-06-16,rau_cu,Cải thìa,14000,16000,15000
2026-06-16,rau_cu,Cần Tây,19000,20500,18000
2026-06-16,rau_cu,Rau muống,8000,9000,8000
2026-06-16,rau_cu,Rau má,11000,12000,10000
2026-06-16,rau_cu,Rau mồng tơi,11500,13500,12000
2026-06-16,rau_cu,Xà Lách gai,17000,18500,17000
2026-06-16,rau_cu,Xà lách xong,11000,12000,11000
2026-06-16,rau_cu,Su su,8500,8000,7000
2026-06-16,rau_cu,Nấm bào ngư,46500,47500,45000
2026-06-16,rau_cu,Nấm đùi gà,49000,51000,48000
2026-06-16,rau_cu,Nấm đông cô,105000,107500,100000
2026-06-16,rau_cu,Cà chua,22000,23000,24000
2026-06-16,rau_cu,Đậu Bắp,19000,20000,18000
2026-06-16,rau_cu,Hành lá,26000,27500,25000
2026-06-16,rau_cu,Hành tây,14500,16000,15000
2026-06-16,rau_cu,Gừng,35500,36500,35000
2026-06-16,rau_cu,Ớt,36500,36500,35000
2026-06-16,rau_cu,Tỏi,23000,24000,22000
2026-06-16,rau_cu,Ngò rí,29000,29000,28000
2026-06-16,rau_cu,Ngò gai,12000,22000,20000
2026-06-16,thit,Thịt ba chỉ,190000,190000,190000
2026-06-16,thit,Sườn non,210000,210000,210000
2026-06-16,thit,Nạc thăn,180000,180000,180000
2026-06-16,thit,Thịt lợn xay,140000,140000,140000
2026-06-16,thit,Thịt nạc vai,180000,180000,180000
2026-06-16,thit,Thịt bò úc,260000,260000,260000
2026-06-16,thit,Gầu bò,240000,240000,240000
2026-06-16,thit,Thăn bò,315000,315000,315000
2026-06-16,thit,Thị bò xay,210000,210000,210000
2026-06-16,thit,Bắp bò loại 1,290000,290000,290000
2026-06-16,thit,Thịt gà,87500,87500,87500
2026-06-16,thit,Chân gà,105000,105000,105000
2026-06-16,thit,Đùi gà công nghiệp,77500,77500,77500
2026-06-16,thit,Gà ta nguyên con,120000,120000,120000
2026-06-16,thuy_hai_san,Cá tra,40500,41000,40000
2026-06-16,thuy_hai_san,Lươn,180000,0,165000
2026-06-16,thuy_hai_san,Cá lóc,41500,43500,42000
2026-06-16,thuy_hai_san,Cá diêu hồng,48500,52500,50000
2026-06-16,thuy_hai_san,Cá Rô phi,29000,30000,28000
2026-06-16,thuy_hai_san,Cá bống,180000,180000,180000
2026-06-16,thuy_hai_san,Cá kèo,125000,125000,125000
2026-06-16,thuy_hai_san,Cá thát lát,87500,87500,87500
2026-06-16,thuy_hai_san,Cá mú,525000,525000,525000
2026-06-16,thuy_hai_san,Cá nục,90000,90000,90000
2026-06-16,thuy_hai_san,Cá chim,162500,162500,162500
2026-06-16,thuy_hai_san,Tôm,135000,135000,135000
2026-06-16,thuy_hai_san,Mực,170000,170000,170000
2026-06-16,thuy_hai_san,Nghêu,27500,27500,27500
2026-06-16,thuy_hai_san,Tôm càng xanh,550000,550000,550000
2026-06-16,thuy_hai_san,Tôm thẻ,125000,125000,125000
2026-06-16,thuy_hai_san,Tôm hùm,1025000,1025000,1025000
2026-06-17,rau_cu,Bắp non,29000,30500,30000
2026-06-17,rau_cu,Bắp cải trắng,9000,10000,9000
2026-06-17,rau_cu,Bắp cải tím,18500,20000,18000
2026-06-17,rau_cu,Bí đỏ,9500,10000,9000
2026-06-17,rau_cu,Bí đao,9000,10000,10000
2026-06-17,rau_cu,Dưa leo,14000,15000,15000
2026-06-17,rau_cu,Khổ qua,14500,15500,14000
2026-06-17,rau_cu,Khoai tây,11000,12000,12000
2026-06-17,rau_cu,Cà rốt,12000,12500,11000
2026-06-17,rau_cu,Cà tím,9500,10000,10000
2026-06-17,rau_cu,Cải bó xôi,23000,24000,24000
2026-06-17,rau_cu,Cải ngọt,9000,10000,9000
2026-06-17,rau_cu,Cải thảo,13000,14500,14000
2026-06-17,rau_cu,Cải bẹ xanh,10000,5000,9000
2026-06-17,rau_cu,Cải thìa,14000,16000,15000
2026-06-17,rau_cu,Cần Tây,19000,20500,18000
2026-06-17,rau_cu,Rau muống,8000,9000,8000
2026-06-17,rau_cu,Rau má,11000,12000,10000
2026-06-17,rau_cu,Rau mồng tơi,11500,13500,12000
2026-06-17,rau_cu,Xà Lách gai,17000,18500,17000
2026-06-17,rau_cu,Xà lách xong,11000,12000,11000
2026-06-17,rau_cu,Su su,8500,8000,7000
2026-06-17,rau_cu,Nấm bào ngư,46500,47500,45000
2026-06-17,rau_cu,Nấm đùi gà,49000,51000,48000
2026-06-17,rau_cu,Nấm đông cô,105000,107500,100000
2026-06-17,rau_cu,Cà chua,22000,23000,24000
2026-06-17,rau_cu,Đậu Bắp,19000,20000,18000
2026-06-17,rau_cu,Hành lá,26000,27500,25000
2026-06-17,rau_cu,Hành tây,14500,16000,15000
2026-06-17,rau_cu,Gừng,35500,36500,35000
2026-06-17,rau_cu,Ớt,36500,36500,35000
2026-06-17,rau_cu,Tỏi,23000,24000,22000
2026-06-17,rau_cu,Ngò rí,29000,29000,28000
2026-06-17,rau_cu,Ngò gai,12000,22000,20000
2026-06-17,thit,Thịt ba chỉ,190000,190000,190000
2026-06-17,thit,Sườn non,210000,210000,210000
2026-06-17,thit,Nạc thăn,180000,180000,180000
2026-06-17,thit,Thịt lợn xay,140000,140000,140000
2026-06-17,thit,Thịt nạc vai,180000,180000,180000
2026-06-17,thit,Thịt bò úc,260000,260000,260000
2026-06-17,thit,Gầu bò,240000,240000,240000
2026-06-17,thit,Thăn bò,315000,315000,315000
2026-06-17,thit,Thị bò xay,210000,210000,210000
2026-06-17,thit,Bắp bò loại 1,290000,290000,290000
2026-06-17,thit,Thịt gà,87500,87500,87500
2026-06-17,thit,Chân gà,105000,105000,105000
2026-06-17,thit,Đùi gà công nghiệp,77500,77500,77500
2026-06-17,thit,Gà ta nguyên con,120000,120000,120000
2026-06-17,thuy_hai_san,Cá tra,40500,41000,40000
2026-06-17,thuy_hai_san,Lươn,180000,0,165000
2026-06-17,thuy_hai_san,Cá lóc,41500,43500,42000
2026-06-17,thuy_hai_san,Cá diêu hồng,48500,52500,50000
2026-06-17,thuy_hai_san,Cá Rô phi,29000,30000,28000
2026-06-17,thuy_hai_san,Cá bống,180000,180000,180000
2026-06-17,thuy_hai_san,Cá kèo,125000,125000,125000
2026-06-17,thuy_hai_san,Cá thát lát,87500,87500,87500
2026-06-17,thuy_hai_san,Cá mú,525000,525000,525000
2026-06-17,thuy_hai_san,Cá nục,90000,90000,90000
2026-06-17,thuy_hai_san,Cá chim,162500,162500,162500
2026-06-17,thuy_hai_san,Tôm,135000,135000,135000
2026-06-17,thuy_hai_san,Mực,170000,170000,170000
2026-06-17,thuy_hai_san,Nghêu,27500,27500,27500
2026-06-17,thuy_hai_san,Tôm càng xanh,550000,550000,550000
2026-06-17,thuy_hai_san,Tôm thẻ,125000,125000,125000
2026-06-17,thuy_hai_san,Tôm hùm,1025000,1025000,1025000
2026-06-18,rau_cu,Bắp non,29000,30500,30000
2026-06-18,rau_cu,Bắp cải trắng,9000,10000,9000
2026-06-18,rau_cu,Bắp cải tím,18500,20000,18000
2026-06-18,rau_cu,Bí đỏ,9500,10000,9000
2026-06-18,rau_cu,Bí đao,9000,10000,10000
2026-06-18,rau_cu,Dưa leo,14000,15000,15000
2026-06-18,rau_cu,Khổ qua,14500,15500,14000
2026-06-18,rau_cu,Khoai tây,11000,12000,12000
2026-06-18,rau_cu,Cà rốt,12000,12500,11000
2026-06-18,rau_cu,Cà tím,9500,10000,10000
2026-06-18,rau_cu,Cải bó xôi,23000,24000,24000
2026-06-18,rau_cu,Cải ngọt,9000,10000,9000
2026-06-18,rau_cu,Cải thảo,13000,14500,14000
2026-06-18,rau_cu,Cải bẹ xanh,10000,5000,9000
2026-06-18,rau_cu,Cải thìa,14000,16000,15000
2026-06-18,rau_cu,Cần Tây,19000,20500,18000
2026-06-18,rau_cu,Rau muống,8000,9000,8000
2026-06-18,rau_cu,Rau má,11000,12000,10000
2026-06-18,rau_cu,Rau mồng tơi,11500,13500,12000
2026-06-18,rau_cu,Xà Lách gai,17000,18500,17000
2026-06-18,rau_cu,Xà lách xong,11000,12000,11000
2026-06-18,rau_cu,Su su,8500,8000,7000
2026-06-18,rau_cu,Nấm bào ngư,46500,47500,45000
2026-06-18,rau_cu,Nấm đùi gà,49000,51000,48000
2026-06-18,rau_cu,Nấm đông cô,105000,107500,100000
2026-06-18,rau_cu,Cà chua,22000,23000,24000
2026-06-18,rau_cu,Đậu Bắp,19000,20000,18000
2026-06-18,rau_cu,Hành lá,26000,27500,25000
2026-06-18,rau_cu,Hành tây,14500,16000,15000
2026-06-18,rau_cu,Gừng,35500,36500,35000
2026-06-18,rau_cu,Ớt,36500,36500,35000
2026-06-18,rau_cu,Tỏi,23000,24000,22000
2026-06-18,rau_cu,Ngò rí,29000,29000,28000
2026-06-18,rau_cu,Ngò gai,12000,22000,20000
2026-06-18,thit,Thịt ba chỉ,190000,190000,190000
2026-06-18,thit,Sườn non,210000,210000,210000
2026-06-18,thit,Nạc thăn,180000,180000,180000
2026-06-18,thit,Thịt lợn xay,140000,140000,140000
2026-06-18,thit,Thịt nạc vai,180000,180000,180000
2026-06-18,thit,Thịt bò úc,260000,260000,260000
2026-06-18,thit,Gầu bò,240000,240000,240000
2026-06-18,thit,Thăn bò,315000,315000,315000
2026-06-18,thit,Thị bò xay,210000,210000,210000
2026-06-18,thit,Bắp bò loại 1,290000,290000,290000
2026-06-18,thit,Thịt gà,87500,87500,87500
2026-06-18,thit,Chân gà,105000,105000,105000
2026-06-18,thit,Đùi gà công nghiệp,77500,77500,77500
2026-06-18,thit,Gà ta nguyên con,120000,120000,120000
2026-06-18,thuy_hai_san,Cá tra,40500,41000,40000
2026-06-18,thuy_hai_san,Lươn,180000,0,165000
2026-06-18,thuy_hai_san,Cá lóc,41500,43500,42000
2026-06-18,thuy_hai_san,Cá diêu hồng,48500,52500,50000
2026-06-18,thuy_hai_san,Cá Rô phi,29000,30000,28000
2026-06-18,thuy_hai_san,Cá bống,180000,180000,180000
2026-06-18,thuy_hai_san,Cá kèo,125000,125000,125000
2026-06-18,thuy_hai_san,Cá thát lát,87500,87500,87500
2026-06-18,thuy_hai_san,Cá mú,525000,525000,525000
2026-06-18,thuy_hai_san,Cá nục,90000,90000,90000
2026-06-18,thuy_hai_san,Cá chim,162500,162500,162500
2026-06-18,thuy_hai_san,Tôm,135000,135000,135000
2026-06-18,thuy_hai_san,Mực,170000,170000,170000
2026-06-18,thuy_hai_san,Nghêu,27500,27500,27500
2026-06-18,thuy_hai_san,Tôm càng xanh,550000,550000,550000
2026-06-18,thuy_hai_san,Tôm thẻ,125000,125000,125000
2026-06-18,thuy_hai_san,Tôm hùm,1025000,1025000,1025000
2026-06-19,rau_cu,Bắp non,29000,30500,30000
2026-06-19,rau_cu,Bắp cải trắng,9000,10000,9000
2026-06-19,rau_cu,Bắp cải tím,18500,20000,18000
2026-06-19,rau_cu,Bí đỏ,9500,10000,9000
2026-06-19,rau_cu,Bí đao,9000,10000,10000
2026-06-19,rau_cu,Dưa leo,14000,15000,15000
2026-06-19,rau_cu,Khổ qua,14500,15500,14000
2026-06-19,rau_cu,Khoai tây,11000,12000,12000
2026-06-19,rau_cu,Cà rốt,12000,12500,11000
2026-06-19,rau_cu,Cà tím,9500,10000,10000
2026-06-19,rau_cu,Cải bó xôi,23000,24000,24000
2026-06-19,rau_cu,Cải ngọt,9000,10000,9000
2026-06-19,rau_cu,Cải thảo,13000,14500,14000
2026-06-19,rau_cu,Cải bẹ xanh,10000,5000,9000
2026-06-19,rau_cu,Cải thìa,14000,16000,15000
2026-06-19,rau_cu,Cần Tây,19000,20500,18000
2026-06-19,rau_cu,Rau muống,8000,9000,8000
2026-06-19,rau_cu,Rau má,11000,12000,10000
2026-06-19,rau_cu,Rau mồng tơi,11500,13500,12000
2026-06-19,rau_cu,Xà Lách gai,17000,18500,17000
2026-06-19,rau_cu,Xà lách xong,11000,12000,11000
2026-06-19,rau_cu,Su su,8500,8000,7000
2026-06-19,rau_cu,Nấm bào ngư,46500,47500,45000
2026-06-19,rau_cu,Nấm đùi gà,49000,51000,48000
2026-06-19,rau_cu,Nấm đông cô,105000,107500,100000
2026-06-19,rau_cu,Cà chua,22000,23000,24000
2026-06-19,rau_cu,Đậu Bắp,19000,20000,18000
2026-06-19,rau_cu,Hành lá,26000,27500,25000
2026-06-19,rau_cu,Hành tây,14500,16000,15000
2026-06-19,rau_cu,Gừng,35500,36500,35000
2026-06-19,rau_cu,Ớt,36500,36500,35000
2026-06-19,rau_cu,Tỏi,23000,24000,22000
2026-06-19,rau_cu,Ngò rí,29000,29000,28000
2026-06-19,rau_cu,Ngò gai,12000,22000,20000
2026-06-19,thit,Thịt ba chỉ,190000,190000,190000
2026-06-19,thit,Sườn non,210000,210000,210000
2026-06-19,thit,Nạc thăn,180000,180000,180000
2026-06-19,thit,Thịt lợn xay,140000,140000,140000
2026-06-19,thit,Thịt nạc vai,180000,180000,180000
2026-06-19,thit,Thịt bò úc,260000,260000,260000
2026-06-19,thit,Gầu bò,240000,240000,240000
2026-06-19,thit,Thăn bò,315000,315000,315000
2026-06-19,thit,Thị bò xay,210000,210000,210000
2026-06-19,thit,Bắp bò loại 1,290000,290000,290000
2026-06-19,thit,Thịt gà,87500,87500,87500
2026-06-19,thit,Chân gà,105000,105000,105000
2026-06-19,thit,Đùi gà công nghiệp,77500,77500,77500
2026-06-19,thit,Gà ta nguyên con,120000,120000,120000
2026-06-19,thuy_hai_san,Cá tra,40500,41000,40000
2026-06-19,thuy_hai_san,Lươn,180000,0,165000
2026-06-19,thuy_hai_san,Cá lóc,41500,43500,42000
2026-06-19,thuy_hai_san,Cá diêu hồng,48500,52500,50000
2026-06-19,thuy_hai_san,Cá Rô phi,29000,30000,28000
2026-06-19,thuy_hai_san,Cá bống,180000,180000,180000
2026-06-19,thuy_hai_san,Cá kèo,125000,125000,125000
2026-06-19,thuy_hai_san,Cá thát lát,87500,87500,87500
2026-06-19,thuy_hai_san,Cá mú,525000,525000,525000
2026-06-19,thuy_hai_san,Cá nục,90000,90000,90000
2026-06-19,thuy_hai_san,Cá chim,162500,162500,162500
2026-06-19,thuy_hai_san,Tôm,135000,135000,135000
2026-06-19,thuy_hai_san,Mực,170000,170000,170000
2026-06-19,thuy_hai_san,Nghêu,27500,27500,27500
2026-06-19,thuy_hai_san,Tôm càng xanh,550000,550000,550000
2026-06-19,thuy_hai_san,Tôm thẻ,125000,125000,125000
2026-06-19,thuy_hai_san,Tôm hùm,1025000,1025000,1025000
2026-06-20,rau_cu,Bắp non,29000,30500,30000
2026-06-20,rau_cu,Bắp cải trắng,9000,10000,9000
2026-06-20,rau_cu,Bắp cải tím,18500,20000,18000
2026-06-20,rau_cu,Bí đỏ,9500,10000,9000
2026-06-20,rau_cu,Bí đao,9000,10000,10000
2026-06-20,rau_cu,Dưa leo,14000,15000,15000
2026-06-20,rau_cu,Khổ qua,14500,15500,14000
2026-06-20,rau_cu,Khoai tây,11000,12000,12000
2026-06-20,rau_cu,Cà rốt,12000,12500,11000
2026-06-20,rau_cu,Cà tím,9500,10000,10000
2026-06-20,rau_cu,Cải bó xôi,23000,24000,24000
2026-06-20,rau_cu,Cải ngọt,9000,10000,9000
2026-06-20,rau_cu,Cải thảo,13000,14500,14000
2026-06-20,rau_cu,Cải bẹ xanh,10000,5000,9000
2026-06-20,rau_cu,Cải thìa,14000,16000,15000
2026-06-20,rau_cu,Cần Tây,19000,20500,18000
2026-06-20,rau_cu,Rau muống,8000,9000,8000
2026-06-20,rau_cu,Rau má,11000,12000,10000
2026-06-20,rau_cu,Rau mồng tơi,11500,13500,12000
2026-06-20,rau_cu,Xà Lách gai,17000,18500,17000
2026-06-20,rau_cu,Xà lách xong,11000,12000,11000
2026-06-20,rau_cu,Su su,8500,8000,7000
2026-06-20,rau_cu,Nấm bào ngư,46500,47500,45000
2026-06-20,rau_cu,Nấm đùi gà,49000,51000,48000
2026-06-20,rau_cu,Nấm đông cô,105000,107500,100000
2026-06-20,rau_cu,Cà chua,22000,23000,24000
2026-06-20,rau_cu,Đậu Bắp,19000,20000,18000
2026-06-20,rau_cu,Hành lá,26000,27500,25000
2026-06-20,rau_cu,Hành tây,14500,16000,15000
2026-06-20,rau_cu,Gừng,35500,36500,35000
2026-06-20,rau_cu,Ớt,36500,36500,35000
2026-06-20,rau_cu,Tỏi,23000,24000,22000
2026-06-20,rau_cu,Ngò rí,29000,29000,28000
2026-06-20,rau_cu,Ngò gai,12000,22000,20000
2026-06-20,thit,Thịt ba chỉ,190000,190000,190000
2026-06-20,thit,Sườn non,210000,210000,210000
2026-06-20,thit,Nạc thăn,180000,180000,180000
2026-06-20,thit,Thịt lợn xay,140000,140000,140000
2026-06-20,thit,Thịt nạc vai,180000,180000,180000
2026-06-20,thit,Thịt bò úc,260000,260000,260000
2026-06-20,thit,Gầu bò,240000,240000,240000
2026-06-20,thit,Thăn bò,315000,315000,315000
2026-06-20,thit,Thị bò xay,210000,210000,210000
2026-06-20,thit,Bắp bò loại 1,290000,290000,290000
2026-06-20,thit,Thịt gà,87500,87500,87500
2026-06-20,thit,Chân gà,105000,105000,105000
2026-06-20,thit,Đùi gà công nghiệp,77500,77500,77500
2026-06-20,thit,Gà ta nguyên con,120000,120000,120000
2026-06-20,thuy_hai_san,Cá tra,40500,41000,40000
2026-06-20,thuy_hai_san,Lươn,180000,0,165000
2026-06-20,thuy_hai_san,Cá lóc,41500,43500,42000
2026-06-20,thuy_hai_san,Cá diêu hồng,48500,52500,50000
2026-06-20,thuy_hai_san,Cá Rô phi,29000,30000,28000
2026-06-20,thuy_hai_san,Cá bống,180000,180000,180000
2026-06-20,thuy_hai_san,Cá kèo,125000,125000,125000
2026-06-20,thuy_hai_san,Cá thát lát,87500,87500,87500
2026-06-20,thuy_hai_san,Cá mú,525000,525000,525000
2026-06-20,thuy_hai_san,Cá nục,90000,90000,90000
2026-06-20,thuy_hai_san,Cá chim,162500,162500,162500
2026-06-20,thuy_hai_san,Tôm,135000,135000,135000
2026-06-20,thuy_hai_san,Mực,170000,170000,170000
2026-06-20,thuy_hai_san,Nghêu,27500,27500,27500
2026-06-20,thuy_hai_san,Tôm càng xanh,550000,550000,550000
2026-06-20,thuy_hai_san,Tôm thẻ,125000,125000,125000
2026-06-20,thuy_hai_san,Tôm hùm,1025000,1025000,1025000
2026-06-21,rau_cu,Bắp non,29000,30500,30000
2026-06-21,rau_cu,Bắp cải trắng,9000,10000,9000
2026-06-21,rau_cu,Bắp cải tím,18500,20000,18000
2026-06-21,rau_cu,Bí đỏ,9500,10000,9000
2026-06-21,rau_cu,Bí đao,9000,10000,10000
2026-06-21,rau_cu,Dưa leo,14000,15000,15000
2026-06-21,rau_cu,Khổ qua,14500,15500,14000
2026-06-21,rau_cu,Khoai tây,11000,12000,12000
2026-06-21,rau_cu,Cà rốt,12000,12500,11000
2026-06-21,rau_cu,Cà tím,9500,10000,10000
2026-06-21,rau_cu,Cải bó xôi,23000,24000,24000
2026-06-21,rau_cu,Cải ngọt,9000,10000,9000
2026-06-21,rau_cu,Cải thảo,13000,14500,14000
2026-06-21,rau_cu,Cải bẹ xanh,10000,5000,9000
2026-06-21,rau_cu,Cải thìa,14000,16000,15000
2026-06-21,rau_cu,Cần Tây,19000,20500,18000
2026-06-21,rau_cu,Rau muống,8000,9000,8000
2026-06-21,rau_cu,Rau má,11000,12000,10000
2026-06-21,rau_cu,Rau mồng tơi,11500,13500,12000
2026-06-21,rau_cu,Xà Lách gai,17000,18500,17000
2026-06-21,rau_cu,Xà lách xong,11000,12000,11000
2026-06-21,rau_cu,Su su,8500,8000,7000
2026-06-21,rau_cu,Nấm bào ngư,46500,47500,45000
2026-06-21,rau_cu,Nấm đùi gà,49000,51000,48000
2026-06-21,rau_cu,Nấm đông cô,105000,107500,100000
2026-06-21,rau_cu,Cà chua,22000,23000,24000
2026-06-21,rau_cu,Đậu Bắp,19000,20000,18000
2026-06-21,rau_cu,Hành lá,26000,27500,25000
2026-06-21,rau_cu,Hành tây,14500,16000,15000
2026-06-21,rau_cu,Gừng,35500,36500,35000
2026-06-21,rau_cu,Ớt,36500,36500,35000
2026-06-21,rau_cu,Tỏi,23000,24000,22000
2026-06-21,rau_cu,Ngò rí,29000,29000,28000
2026-06-21,rau_cu,Ngò gai,12000,22000,20000
2026-06-21,thit,Thịt ba chỉ,190000,190000,190000
2026-06-21,thit,Sườn non,210000,210000,210000
2026-06-21,thit,Nạc thăn,180000,180000,180000
2026-06-21,thit,Thịt lợn xay,140000,140000,140000
2026-06-21,thit,Thịt nạc vai,180000,180000,180000
2026-06-21,thit,Thịt bò úc,260000,260000,260000
2026-06-21,thit,Gầu bò,240000,240000,240000
2026-06-21,thit,Thăn bò,315000,315000,315000
2026-06-21,thit,Thị bò xay,210000,210000,210000
2026-06-21,thit,Bắp bò loại 1,290000,290000,290000
2026-06-21,thit,Thịt gà,87500,87500,87500
2026-06-21,thit,Chân gà,105000,105000,105000
2026-06-21,thit,Đùi gà công nghiệp,77500,77500,77500
2026-06-21,thit,Gà ta nguyên con,120000,120000,120000
2026-06-21,thuy_hai_san,Cá tra,40500,41000,40000
2026-06-21,thuy_hai_san,Lươn,180000,0,165000
2026-06-21,thuy_hai_san,Cá lóc,41500,43500,42000
2026-06-21,thuy_hai_san,Cá diêu hồng,48500,52500,50000
2026-06-21,thuy_hai_san,Cá Rô phi,29000,30000,28000
2026-06-21,thuy_hai_san,Cá bống,180000,180000,180000
2026-06-21,thuy_hai_san,Cá kèo,125000,125000,125000
2026-06-21,thuy_hai_san,Cá thát lát,87500,87500,87500
2026-06-21,thuy_hai_san,Cá mú,525000,525000,525000
2026-06-21,thuy_hai_san,Cá nục,90000,90000,90000
2026-06-21,thuy_hai_san,Cá chim,162500,162500,162500
2026-06-21,thuy_hai_san,Tôm,135000,135000,135000
2026-06-21,thuy_hai_san,Mực,170000,170000,170000
2026-06-21,thuy_hai_san,Nghêu,27500,27500,27500
2026-06-21,thuy_hai_san,Tôm càng xanh,550000,550000,550000
2026-06-21,thuy_hai_san,Tôm thẻ,125000,125000,125000
2026-06-21,thuy_hai_san,Tôm hùm,1025000,1025000,1025000
2026-06-22,rau_cu,Bắp non,29000,30500,30000
2026-06-22,rau_cu,Bắp cải trắng,9000,10000,9000
2026-06-22,rau_cu,Bắp cải tím,18500,20000,18000
2026-06-22,rau_cu,Bí đỏ,9500,10000,9000
2026-06-22,rau_cu,Bí đao,9000,10000,10000
2026-06-22,rau_cu,Dưa leo,14000,15000,15000
2026-06-22,rau_cu,Khổ qua,14500,15500,14000
2026-06-22,rau_cu,Khoai tây,11000,12000,12000
2026-06-22,rau_cu,Cà rốt,12000,12500,11000
2026-06-22,rau_cu,Cà tím,9500,10000,10000
2026-06-22,rau_cu,Cải bó xôi,23000,24000,24000
2026-06-22,rau_cu,Cải ngọt,9000,10000,9000
2026-06-22,rau_cu,Cải thảo,13000,14500,14000
2026-06-22,rau_cu,Cải bẹ xanh,10000,5000,9000
2026-06-22,rau_cu,Cải thìa,14000,16000,15000
2026-06-22,rau_cu,Cần Tây,19000,20500,18000
2026-06-22,rau_cu,Rau muống,8000,9000,8000
2026-06-22,rau_cu,Rau má,11000,12000,10000
2026-06-22,rau_cu,Rau mồng tơi,11500,13500,12000
2026-06-22,rau_cu,Xà Lách gai,17000,18500,17000
2026-06-22,rau_cu,Xà lách xong,11000,12000,11000
2026-06-22,rau_cu,Su su,8500,8000,7000
2026-06-22,rau_cu,Nấm bào ngư,46500,47500,45000
2026-06-22,rau_cu,Nấm đùi gà,49000,51000,48000
2026-06-22,rau_cu,Nấm đông cô,105000,107500,100000
2026-06-22,rau_cu,Cà chua,22000,23000,24000
2026-06-22,rau_cu,Đậu Bắp,19000,20000,18000
2026-06-22,rau_cu,Hành lá,26000,27500,25000
2026-06-22,rau_cu,Hành tây,14500,16000,15000
2026-06-22,rau_cu,Gừng,35500,36500,35000
2026-06-22,rau_cu,Ớt,36500,36500,35000
2026-06-22,rau_cu,Tỏi,23000,24000,22000
2026-06-22,rau_cu,Ngò rí,29000,29000,28000
2026-06-22,rau_cu,Ngò gai,12000,22000,20000
2026-06-22,thit,Thịt ba chỉ,190000,190000,190000
2026-06-22,thit,Sườn non,210000,210000,210000
2026-06-22,thit,Nạc thăn,180000,180000,180000
2026-06-22,thit,Thịt lợn xay,140000,140000,140000
2026-06-22,thit,Thịt nạc vai,180000,180000,180000
2026-06-22,thit,Thịt bò úc,260000,260000,260000
2026-06-22,thit,Gầu bò,240000,240000,240000
2026-06-22,thit,Thăn bò,315000,315000,315000
2026-06-22,thit,Thị bò xay,210000,210000,210000
2026-06-22,thit,Bắp bò loại 1,290000,290000,290000
2026-06-22,thit,Thịt gà,87500,87500,87500
2026-06-22,thit,Chân gà,105000,105000,105000
2026-06-22,thit,Đùi gà công nghiệp,77500,77500,77500
2026-06-22,thit,Gà ta nguyên con,120000,120000,120000
2026-06-22,thuy_hai_san,Cá tra,40500,41000,40000
2026-06-22,thuy_hai_san,Lươn,180000,0,165000
2026-06-22,thuy_hai_san,Cá lóc,41500,43500,42000
2026-06-22,thuy_hai_san,Cá diêu hồng,48500,52500,50000
2026-06-22,thuy_hai_san,Cá Rô phi,29000,30000,28000
2026-06-22,thuy_hai_san,Cá bống,180000,180000,180000
2026-06-22,thuy_hai_san,Cá kèo,125000,125000,125000
2026-06-22,thuy_hai_san,Cá thát lát,87500,87500,87500
2026-06-22,thuy_hai_san,Cá mú,525000,525000,525000
2026-06-22,thuy_hai_san,Cá nục,90000,90000,90000
2026-06-22,thuy_hai_san,Cá chim,162500,162500,162500
2026-06-22,thuy_hai_san,Tôm,135000,135000,135000
2026-06-22,thuy_hai_san,Mực,170000,170000,170000
2026-06-22,thuy_hai_san,Nghêu,27500,27500,27500
2026-06-22,thuy_hai_san,Tôm càng xanh,550000,550000,550000
2026-06-22,thuy_hai_san,Tôm thẻ,125000,125000,125000
2026-06-22,thuy_hai_san,Tôm hùm,1025000,1025000,1025000
